firm_id,company,source_batch,primary_ready_before,primary_ready_after,extended_ready_before,extended_ready_after,n_replace,n_sensitivity_alt,n_retain,n_remain_unavailable,n_manual_review,n_rejected,entity_change_flag,rescue_improved
2,PETER-LACKE HOLDING GMBH,B01,FALSE,TRUE,FALSE,TRUE,1,0,3,1,0,0,FALSE,TRUE
5,MSF-VATHAUER ANTRIEBSTECHNIK GMBH & CO. KG,B06,FALSE,FALSE,FALSE,TRUE,2,1,1,0,0,0,FALSE,TRUE
10,B. BRAUN SE,B_BRAUN_SMOKE,FALSE,TRUE,FALSE,TRUE,5,0,0,0,0,0,FALSE,TRUE
11,HARTING TECHNOLOGY GROUP,B01,FALSE,TRUE,FALSE,TRUE,4,0,0,0,0,0,FALSE,TRUE
12,DIRK ROSSMANN GMBH,B01,FALSE,FALSE,FALSE,TRUE,4,0,0,0,0,0,FALSE,TRUE
14,CLAAS KGAA MBH,B02,FALSE,TRUE,FALSE,TRUE,4,0,0,0,0,1,FALSE,TRUE
15,FABER-CASTELL AG,B02,FALSE,TRUE,FALSE,TRUE,4,0,0,0,0,1,FALSE,TRUE
16,HENKEL AG & CO. KGAA,B02,FALSE,TRUE,FALSE,TRUE,4,0,0,0,0,1,FALSE,TRUE
17,MERCK KGAA,B03,FALSE,TRUE,FALSE,TRUE,5,0,0,0,0,0,FALSE,TRUE
18,SCHAEFFLER AG,B03,FALSE,FALSE,FALSE,TRUE,5,0,0,0,0,0,FALSE,TRUE
19,HERAEUS GROUP,B03,FALSE,TRUE,FALSE,TRUE,2,0,1,0,0,1,FALSE,TRUE
20,BAHLSEN GMBH & CO. KG,B04,FALSE,TRUE,FALSE,TRUE,5,0,0,0,0,0,FALSE,TRUE
21,FREUDENBERG GROUP,B05,FALSE,FALSE,FALSE,TRUE,2,1,0,1,0,0,FALSE,TRUE
22,ANDREAS STIHL AG & CO. KG,B05,FALSE,FALSE,FALSE,TRUE,4,0,0,0,0,0,FALSE,TRUE
23,VAILLANT GROUP,B04,FALSE,TRUE,FALSE,TRUE,3,1,0,0,0,0,FALSE,TRUE
24,VIESSMANN CLIMATE SOLUTIONS / VIESSMANN GROUP,B05,FALSE,FALSE,FALSE,FALSE,0,2,2,1,0,0,TRUE,TRUE
25,BIRKENSTOCK GROUP,B04,FALSE,TRUE,FALSE,TRUE,5,0,0,0,0,0,FALSE,TRUE
27,DOUGLAS HOLDING / DOUGLAS GROUP,B06,FALSE,TRUE,FALSE,TRUE,3,1,0,0,0,1,FALSE,TRUE
30,DR. AUGUST OETKER KG / OETKER-GRUPPE,B06,FALSE,FALSE,FALSE,FALSE,0,1,0,1,2,0,TRUE,TRUE
