rank,company,event_type,event_year,event_label,source_confidence,wayback_tier,screening_recommendation,pre_html_pages,post_html_pages,primary_domain,website,event_source_url,notes
1,BLUE MOON COMMUNICATION CONSULTANTS GMBH,family_internal_succession,2024,Übernahme durch Sohn nach Tod der Mutter,medium,B,prioritize,22,215,bluemoon.de,https://www.bluemoon.de/,user screening / Orbis export; source URL still to document,Sehr gute Webdeckung; Eventquelle noch sauber extern dokumentieren.
2,PETER-LACKE HOLDING GMBH,family_internal_succession,2015,Übernahme durch Sohn in 5. Generation,medium,B,prioritize,169,128,peter-lacke.de,https://www.peter-lacke.de/,user screening / Orbis export; source URL still to document,Sehr gute Webdeckung; familienbezogene Validierung priorisieren.
3,ANLAGENTECHNIK LEICHTLE GMBH,unclear_family_transition,2023,Übernahme unklar; geringe Text-/Informationsdichte,low,B,prioritize,27,120,anlagentechnik-leichtle.de,https://www.anlagentechnik-leichtle.de/,user screening / Orbis export; source URL still to document,"Nur als Backup, wenn die Eventvalidierung gelingt."
4,MYRENNE GMBH,family_internal_succession,2012,Übergabe im April 2012 bestätigt,high,A,prioritize,33,45,myrenne.com,https://myrenne.com/,user screening / Orbis export; source URL still to document,Wayback funktioniert ohne /de besser; guter Pilotcase.
5,MSF-VATHAUER ANTRIEBSTECHNIK GMBH & CO. KG,family_internal_succession_or_management_entry,2006,Marc Vathauer tritt in die Geschäftsführung ein,high,A,prioritize,56,189,msf-technik.de,https://www.msf-technik.de/,https://www.msf-technik.de/historie,Nicht als 2010-Event nutzen; für 2006 gute Pre/Post-Waybackdeckung.
6,FIELMANN GROUP AG,family_internal_succession,2019,Marc Fielmann übernimmt final von Gründer Günther Fielmann,high,A,prioritize,1000,1000,fielmann.de,https://www.fielmann-group.com/,https://www.realwire.com/releases/Generational-Succession-at-Fielmann-in-final-phase,"Sehr prominenter Generationswechsel; börsennotiert, aber family-controlled."
7,SIXT SE,family_internal_succession,2021,Alexander und Konstantin Sixt übernehmen gemeinsam von Erich Sixt,high,B,prioritize,1000,1000,sixt.com,https://www.sixt.com/,https://de.wikipedia.org/wiki/Sixt_SE,Sehr gut dokumentierter Wechsel; family-controlled listed company.
8,DM-DROGERIE MARKT GMBH + CO. KG,family_internal_succession,2019,"Christoph Werner, Sohn des Gründers, wird Vorsitzender der Geschäftsführung",medium,B,prioritize,1000,1000,dm.de,https://www.dm.de/,https://de.wikipedia.org/wiki/Christoph_Werner_(Unternehmer),Gute Webpräsenz; Familienbranding möglicherweise indirekt über Gründer-/Kulturkommunikation.
9,TRIGEMA W. GRUPP KG,family_internal_succession,2024,Wolfgang Grupp übergibt operative Leitung an Bonita und Wolfgang Grupp jr.,high,A,prioritize,1000,1000,trigema.de,https://www.trigema.de/,https://de.wikipedia.org/wiki/Trigema,Sehr sichtbarer Generationswechsel; Post-Window noch kurz.
10,B. BRAUN SE,family_internal_succession,2019,Anna Maria Braun übernimmt Vorstandsvorsitz in 6. Generation,medium,B,prioritize,1000,1000,bbraun.com,https://www.bbraun.com/,https://de.wikipedia.org/wiki/Anna_Maria_Braun_(Managerin),Großes Familienunternehmen; Website vermutlich sehr reichhaltig.
11,HARTING TECHNOLOGY GROUP,family_internal_succession,2015,Philip Harting übernimmt operative Führung / Vorsitz,medium,B,prioritize,1000,1000,harting.com,https://www.harting.com/,https://en.wikipedia.org/wiki/Harting_Group,Familienunternehmen mit starker B2B-Webpräsenz; Event noch durch Primärquelle erhärten.
12,DIRK ROSSMANN GMBH,family_internal_succession,2021,Dirk Rossmann zieht sich zurück; Raoul Rossmann wird Sprecher der Geschäftsführung,high,A,prioritize,1000,1000,rossmann.de,https://www.rossmann.de/,https://www.welt.de/233618049,"Guter zusätzlicher Nachfolgecase, Familienholding bleibt relevant."
13,HIPP HOLDING / HIPP GMBH & CO. VERTRIEB KG,family_internal_succession,2021,Claus Hipp übergibt Geschäftsführung an Stefan und Sebastian Hipp,medium,B,prioritize,1000,1000,hipp.de,https://www.hipp.de/,https://de.wikipedia.org/wiki/Hipp_Holding,Starkes Familien-/Namensbranding; eventuelle Wayback-Struktur prüfen.
14,CLAAS KGAA MBH,external_ceo_professionalization,2019,Thomas Böck übernimmt CEO-Rolle im Familienunternehmen,medium,B,prioritize,1000,1000,claas.com,https://www.claas.com/,https://en.wikipedia.org/wiki/Claas,Für Cluster externe Geschäftsführung; ggf. 2023 Jan-Hendrik Mohr als Alternativereignis.
15,FABER-CASTELL AG,external_ceo_professionalization,2017,Übergang zu familienexterner operativer Führung nach Tod Anton-Wolfgang Graf von Faber-Castell,medium,B,prioritize,1000,1000,faber-castell.com,https://www.faber-castell.com/,https://en.wikipedia.org/wiki/Faber-Castell,"Starkes Marken-/Familienerbe, aber Eventdatum noch enger validieren."
16,HENKEL AG & CO. KGAA,external_ceo_professionalization,2020,Carsten Knobel wird Vorstandsvorsitzender in family-controlled company,medium,B,prioritize,1000,1000,henkel.com,https://www.henkel.com/,https://en.wikipedia.org/wiki/Carsten_Knobel,Große Website und klare Nachfolge; Familienbezug eher Governance/Ownership.
17,MERCK KGAA,external_ceo_professionalization,2021,Belén Garijo wird CEO der familienkontrollierten Merck KGaA,medium,B,prioritize,1000,1000,merckgroup.com,https://www.merckgroup.com/,https://en.wikipedia.org/wiki/Bel%C3%A9n_Garijo,Sehr gute Webpräsenz; family firm status muss theoretisch sauber begründet werden.
18,SCHAEFFLER AG,external_ceo_professionalization,2014,Klaus Rosenfeld wird CEO der familienkontrollierten Schaeffler-Gruppe,medium,B,prioritize,1000,1000,schaeffler.com,https://www.schaeffler.com/,https://en.wikipedia.org/wiki/Schaeffler_Group,Großes family-controlled sample; mehrere Ereignisse möglich.
19,HERAEUS GROUP,external_ceo_professionalization,2013,Jan Rinnert übernimmt Leitung; später umfassende Restrukturierung,medium,B,prioritize,750,1000,heraeus.com,https://www.heraeus-group.com/,https://en.wikipedia.org/wiki/Heraeus,"Familienunternehmen, aber Rinnert ist familiennah; Clusterzuordnung prüfen."
20,BAHLSEN GMBH & CO. KG,family_withdrawal_or_external_management,2022,Verena Bahlsen verlässt operative Rolle; Management stärker familienextern,medium,B,prioritize,665,890,bahlsen.com,https://www.bahlsen.com/,https://en.wikipedia.org/wiki/Bahlsen,Interessant für Rückzug/Professionalisierung; Eventquelle primär noch nachziehen.
21,FREUDENBERG GROUP,external_ceo_professionalization,2012,Mohsen Sohi übernimmt den Vorsitz der Unternehmensleitung im Familienunternehmen,medium,B,prioritize,226,831,freudenberg.com,https://www.freudenberg.com/,https://en.wikipedia.org/wiki/Freudenberg_Group,Familienunternehmen mit externer operativer Leitung; eignet sich für Professionalisierungscluster.
22,ANDREAS STIHL AG & CO. KG,external_ceo_professionalization,2022,Michael Traub übernimmt Vorsitz des Vorstands,medium,B,prioritize,1000,1000,stihl.com,https://www.stihl.com/,https://www.stihl.com/,Großes Familienunternehmen; konkrete Family-to-external-Logik prüfen.
23,VAILLANT GROUP,external_ceo_professionalization,2018,Norbert Schiedeck übernimmt CEO-Rolle im Familienunternehmen,low,B,prioritize,308,1000,vaillant-group.com,https://www.vaillant-group.com/,https://www.vaillant-group.com/,"Nur aufnehmen, wenn Primärquelle für Wechsel und Familienstatus schnell validierbar ist."
24,VIESSMANN CLIMATE SOLUTIONS / VIESSMANN GROUP,sale_to_corporate_or_investor,2023,Carrier übernimmt Viessmann Climate Solutions,high,A,prioritize,1000,1000,viessmann.com,https://www.viessmann.com/,https://en.wikipedia.org/wiki/Viessmann,Sehr starker Verkaufscase; zusätzlich Max Viessmann-Nachfolge als Alternativereignis.
25,BIRKENSTOCK GROUP,sale_to_corporate_or_investor,2021,Mehrheitsverkauf an L Catterton / Financière Agache,high,A,prioritize,1000,1000,birkenstock.com,https://www.birkenstock-group.com/,https://www.vogue.com/article/why-l-catterton-and-financiere-agache-snapped-up-birkenstock,Sehr starker Investorencase mit Marken-/Traditionskommunikation.
26,RIMOWA GMBH,sale_to_corporate_or_investor,2016,LVMH übernimmt 80 Prozent an Rimowa,high,A,prioritize,1000,1000,rimowa.com,https://www.rimowa.com/,https://en.wikipedia.org/wiki/Rimowa,"Starker Verkaufscase, aber Familienfirmensignal nach Luxuskonzernintegration prüfen."
27,DOUGLAS HOLDING / DOUGLAS GROUP,sale_to_corporate_or_investor,2012,Advent International übernimmt Douglas; Kreke-Familie bleibt mit Minderheit beteiligt,high,A,prioritize,1000,1000,douglas.de,https://www.douglas.de/,https://en.wikipedia.org/wiki/Douglas_Holding,Investorencase mit fortbestehender Familienbeteiligung; Domain-/Corporate-History prüfen.
28,CANYON BICYCLES GMBH,sale_to_corporate_or_investor,2020,GBL übernimmt Mehrheitsbeteiligung; Gründer Roman Arnold bleibt beteiligt,medium,B,prioritize,1000,1000,canyon.com,https://www.canyon.com/,https://www.ft.com/content/5b6e419e-cfd6-4950-9a1b-6337839c0cf2,Eher founder-led als klassisches Familienunternehmen; sehr gute Webdaten.
29,CONDITOREI COPPENRATH & WIESE KG,sale_to_corporate_or_investor,2015,Übernahme durch Dr. Oetker,high,A,prioritize,412,213,coppenrath-wiese.de,https://www.coppenrath-wiese.de/,https://en.wikipedia.org/wiki/Coppenrath_%26_Wiese,Klarer Verkaufscase eines stark markenorientierten Gründer-/Familienunternehmens.
30,DR. AUGUST OETKER KG / OETKER-GRUPPE,family_governance_split,2021,Oetker-Gruppe wird nach Familienstreit geteilt,high,A,prioritize,66,100,oetker-gruppe.de,https://www.oetker-gruppe.de/,https://www.welt.de/232679311,"Kein Verkauf/CEO-Wechsel, aber sauberer struktureller Familien-Governance-Bruch."
