run_id,firm_id,rank,company,relative_timepoint,target_year,snapshot_status,pages_attempted,pages_fetch_success,pages_fetch_failed,pages_extraction_usable,pages_branding_eligible,pages_governance_metadata,pages_excluded_legal_technical,pages_duplicate,pages_excluded,avg_text_chars,flags
508f1903-71e7-4aab-aba6-000fed4d8b7d,1,1,BLUE MOON COMMUNICATION CONSULTANTS GMBH,pre_pre_event,2020,selected,25,25,0,24,17,0,8,5,1,2808.6,"[""duplicate_content_flag"", ""likely_navigation_only"", ""soft_404_flag""]"
508f1903-71e7-4aab-aba6-000fed4d8b7d,1,1,BLUE MOON COMMUNICATION CONSULTANTS GMBH,pre_event,2022,selected,25,25,0,24,18,0,7,4,1,2809.7,"[""duplicate_content_flag"", ""likely_navigation_only"", ""soft_404_flag""]"
508f1903-71e7-4aab-aba6-000fed4d8b7d,1,1,BLUE MOON COMMUNICATION CONSULTANTS GMBH,event,2024,selected,25,25,0,25,24,0,1,0,0,3643.4,
508f1903-71e7-4aab-aba6-000fed4d8b7d,1,1,BLUE MOON COMMUNICATION CONSULTANTS GMBH,post_event,2026,selected,25,25,0,25,24,0,1,0,0,3834.7,
508f1903-71e7-4aab-aba6-000fed4d8b7d,1,1,BLUE MOON COMMUNICATION CONSULTANTS GMBH,post_post_event,2028,future_unavailable,1,1,0,0,0,0,0,1,1,,"[""duplicate_content_flag"", ""likely_navigation_only"", ""soft_404_flag""]"
508f1903-71e7-4aab-aba6-000fed4d8b7d,2,2,PETER-LACKE HOLDING GMBH,pre_pre_event,2011,selected,25,25,0,25,19,1,1,4,0,1074.6,"[""duplicate_content_flag""]"
508f1903-71e7-4aab-aba6-000fed4d8b7d,2,2,PETER-LACKE HOLDING GMBH,pre_event,2013,selected,25,25,0,25,21,1,0,3,0,1073.6,"[""duplicate_content_flag""]"
508f1903-71e7-4aab-aba6-000fed4d8b7d,2,2,PETER-LACKE HOLDING GMBH,event,2015,selected,25,25,0,25,12,0,11,11,0,865.7,"[""duplicate_content_flag"", ""likely_navigation_only""]"
508f1903-71e7-4aab-aba6-000fed4d8b7d,2,2,PETER-LACKE HOLDING GMBH,post_event,2017,beyond_tolerance,1,1,0,0,0,0,0,1,1,,"[""duplicate_content_flag"", ""likely_navigation_only"", ""soft_404_flag""]"
508f1903-71e7-4aab-aba6-000fed4d8b7d,2,2,PETER-LACKE HOLDING GMBH,post_post_event,2019,beyond_tolerance,1,1,0,0,0,0,0,1,1,,"[""duplicate_content_flag"", ""likely_navigation_only"", ""soft_404_flag""]"
508f1903-71e7-4aab-aba6-000fed4d8b7d,3,3,ANLAGENTECHNIK LEICHTLE GMBH,pre_pre_event,2019,selected,16,16,0,16,5,1,2,2,0,2006.3,"[""duplicate_content_flag"", ""likely_navigation_only""]"
508f1903-71e7-4aab-aba6-000fed4d8b7d,3,3,ANLAGENTECHNIK LEICHTLE GMBH,pre_event,2021,selected,25,25,0,25,11,1,2,6,0,1508.2,"[""duplicate_content_flag"", ""likely_navigation_only""]"
508f1903-71e7-4aab-aba6-000fed4d8b7d,3,3,ANLAGENTECHNIK LEICHTLE GMBH,event,2023,selected,21,21,0,21,13,1,2,2,0,1901.0,"[""duplicate_content_flag"", ""likely_navigation_only""]"
508f1903-71e7-4aab-aba6-000fed4d8b7d,3,3,ANLAGENTECHNIK LEICHTLE GMBH,post_event,2025,selected,23,23,0,23,17,1,2,1,0,1892.3,"[""duplicate_content_flag"", ""likely_navigation_only""]"
508f1903-71e7-4aab-aba6-000fed4d8b7d,3,3,ANLAGENTECHNIK LEICHTLE GMBH,post_post_event,2027,future_unavailable,1,1,0,0,0,0,0,1,1,,"[""duplicate_content_flag"", ""likely_navigation_only"", ""soft_404_flag""]"
508f1903-71e7-4aab-aba6-000fed4d8b7d,4,4,MYRENNE GMBH,pre_pre_event,2008,selected,1,1,0,1,1,0,0,0,0,277.0,
508f1903-71e7-4aab-aba6-000fed4d8b7d,4,4,MYRENNE GMBH,pre_event,2010,selected,25,25,0,25,12,0,13,11,0,1475.9,"[""duplicate_content_flag""]"
508f1903-71e7-4aab-aba6-000fed4d8b7d,4,4,MYRENNE GMBH,event,2012,event_unavailable,1,1,0,0,0,0,0,1,1,,"[""duplicate_content_flag"", ""likely_navigation_only"", ""soft_404_flag""]"
508f1903-71e7-4aab-aba6-000fed4d8b7d,4,4,MYRENNE GMBH,post_event,2014,selected,25,25,0,25,11,0,13,12,0,1420.2,"[""duplicate_content_flag""]"
508f1903-71e7-4aab-aba6-000fed4d8b7d,4,4,MYRENNE GMBH,post_post_event,2016,selected,25,25,0,24,17,0,2,6,1,810.4,"[""duplicate_content_flag"", ""likely_navigation_only"", ""soft_404_flag""]"
508f1903-71e7-4aab-aba6-000fed4d8b7d,5,5,MSF-VATHAUER ANTRIEBSTECHNIK GMBH & CO. KG,pre_pre_event,2002,selected,1,1,0,0,0,0,0,0,1,0.0,"[""likely_navigation_only""]"
508f1903-71e7-4aab-aba6-000fed4d8b7d,5,5,MSF-VATHAUER ANTRIEBSTECHNIK GMBH & CO. KG,pre_event,2004,selected,1,1,0,0,0,0,0,0,1,0.0,"[""likely_navigation_only""]"
508f1903-71e7-4aab-aba6-000fed4d8b7d,5,5,MSF-VATHAUER ANTRIEBSTECHNIK GMBH & CO. KG,event,2006,selected,1,1,0,0,0,0,0,0,1,0.0,"[""likely_navigation_only""]"
508f1903-71e7-4aab-aba6-000fed4d8b7d,5,5,MSF-VATHAUER ANTRIEBSTECHNIK GMBH & CO. KG,post_event,2008,selected,25,25,0,25,11,0,13,12,0,1283.0,"[""duplicate_content_flag""]"
508f1903-71e7-4aab-aba6-000fed4d8b7d,5,5,MSF-VATHAUER ANTRIEBSTECHNIK GMBH & CO. KG,post_post_event,2010,selected,25,25,0,25,10,0,13,14,0,1506.8,"[""duplicate_content_flag""]"
508f1903-71e7-4aab-aba6-000fed4d8b7d,6,6,FIELMANN GROUP AG,pre_pre_event,2015,selected,25,25,0,25,23,0,1,0,0,2877.8,"[""likely_navigation_only""]"
508f1903-71e7-4aab-aba6-000fed4d8b7d,6,6,FIELMANN GROUP AG,pre_event,2017,selected,25,25,0,24,23,0,1,0,1,2298.8,"[""likely_navigation_only""]"
508f1903-71e7-4aab-aba6-000fed4d8b7d,6,6,FIELMANN GROUP AG,event,2019,selected,25,24,1,22,22,0,0,0,3,,"[""likely_navigation_only""]"
508f1903-71e7-4aab-aba6-000fed4d8b7d,6,6,FIELMANN GROUP AG,post_event,2021,selected,25,23,2,22,16,0,0,6,3,,"[""duplicate_content_flag"", ""likely_navigation_only""]"
508f1903-71e7-4aab-aba6-000fed4d8b7d,6,6,FIELMANN GROUP AG,post_post_event,2023,selected,25,17,8,14,13,0,7,6,11,,"[""duplicate_content_flag"", ""likely_navigation_only""]"
508f1903-71e7-4aab-aba6-000fed4d8b7d,7,7,SIXT SE,pre_pre_event,2017,selected,25,24,1,23,17,0,0,5,2,,"[""duplicate_content_flag"", ""likely_navigation_only"", ""soft_404_flag""]"
508f1903-71e7-4aab-aba6-000fed4d8b7d,7,7,SIXT SE,pre_event,2019,selected,25,24,1,24,18,0,1,5,1,,"[""duplicate_content_flag"", ""likely_navigation_only""]"
508f1903-71e7-4aab-aba6-000fed4d8b7d,7,7,SIXT SE,event,2021,selected,25,21,4,21,18,0,1,2,4,,"[""duplicate_content_flag"", ""likely_navigation_only""]"
508f1903-71e7-4aab-aba6-000fed4d8b7d,7,7,SIXT SE,post_event,2023,selected,25,18,7,18,16,0,0,2,7,,"[""duplicate_content_flag"", ""likely_navigation_only""]"
508f1903-71e7-4aab-aba6-000fed4d8b7d,7,7,SIXT SE,post_post_event,2025,selected,25,24,1,24,19,2,0,3,1,,"[""duplicate_content_flag"", ""likely_navigation_only""]"
508f1903-71e7-4aab-aba6-000fed4d8b7d,8,8,DM-DROGERIE MARKT GMBH + CO. KG,pre_pre_event,2015,selected,25,18,7,18,18,0,1,0,7,,"[""likely_navigation_only""]"
508f1903-71e7-4aab-aba6-000fed4d8b7d,8,8,DM-DROGERIE MARKT GMBH + CO. KG,pre_event,2017,selected,25,23,2,23,21,0,1,1,2,,"[""duplicate_content_flag"", ""likely_navigation_only""]"
508f1903-71e7-4aab-aba6-000fed4d8b7d,8,8,DM-DROGERIE MARKT GMBH + CO. KG,event,2019,selected,25,22,3,21,20,0,1,1,4,,"[""duplicate_content_flag"", ""likely_navigation_only""]"
508f1903-71e7-4aab-aba6-000fed4d8b7d,8,8,DM-DROGERIE MARKT GMBH + CO. KG,post_event,2021,selected,1,1,0,0,0,0,0,0,1,0.0,"[""likely_navigation_only""]"
508f1903-71e7-4aab-aba6-000fed4d8b7d,8,8,DM-DROGERIE MARKT GMBH + CO. KG,post_post_event,2023,selected,1,1,0,0,0,0,0,0,1,0.0,"[""likely_navigation_only""]"
508f1903-71e7-4aab-aba6-000fed4d8b7d,9,9,TRIGEMA W. GRUPP KG,pre_pre_event,2020,selected,25,22,3,22,22,0,0,0,3,,"[""likely_navigation_only""]"
508f1903-71e7-4aab-aba6-000fed4d8b7d,9,9,TRIGEMA W. GRUPP KG,pre_event,2022,selected,25,18,7,18,18,0,3,2,7,,"[""duplicate_content_flag"", ""likely_navigation_only""]"
508f1903-71e7-4aab-aba6-000fed4d8b7d,9,9,TRIGEMA W. GRUPP KG,event,2024,selected,25,25,0,25,25,0,0,0,0,7430.5,
508f1903-71e7-4aab-aba6-000fed4d8b7d,9,9,TRIGEMA W. GRUPP KG,post_event,2026,selected,25,21,4,21,21,0,0,0,4,,"[""likely_navigation_only""]"
508f1903-71e7-4aab-aba6-000fed4d8b7d,9,9,TRIGEMA W. GRUPP KG,post_post_event,2028,future_unavailable,1,1,0,0,0,0,0,1,1,,"[""duplicate_content_flag"", ""likely_navigation_only"", ""soft_404_flag""]"
508f1903-71e7-4aab-aba6-000fed4d8b7d,10,10,B. BRAUN SE,pre_pre_event,2015,selected,25,24,1,24,13,0,8,9,1,,"[""duplicate_content_flag"", ""likely_navigation_only""]"
508f1903-71e7-4aab-aba6-000fed4d8b7d,10,10,B. BRAUN SE,pre_event,2017,selected,25,20,5,20,14,0,4,6,5,,"[""duplicate_content_flag"", ""likely_navigation_only""]"
508f1903-71e7-4aab-aba6-000fed4d8b7d,10,10,B. BRAUN SE,event,2019,beyond_tolerance,1,1,0,0,0,0,0,1,1,,"[""duplicate_content_flag"", ""likely_navigation_only"", ""soft_404_flag""]"
508f1903-71e7-4aab-aba6-000fed4d8b7d,10,10,B. BRAUN SE,post_event,2021,beyond_tolerance,1,1,0,0,0,0,0,1,1,,"[""duplicate_content_flag"", ""likely_navigation_only"", ""soft_404_flag""]"
508f1903-71e7-4aab-aba6-000fed4d8b7d,10,10,B. BRAUN SE,post_post_event,2023,beyond_tolerance,1,1,0,0,0,0,0,1,1,,"[""duplicate_content_flag"", ""likely_navigation_only"", ""soft_404_flag""]"
508f1903-71e7-4aab-aba6-000fed4d8b7d,11,11,HARTING TECHNOLOGY GROUP,pre_pre_event,2011,beyond_tolerance,1,1,0,0,0,0,0,1,1,,"[""duplicate_content_flag"", ""likely_navigation_only"", ""soft_404_flag""]"
508f1903-71e7-4aab-aba6-000fed4d8b7d,11,11,HARTING TECHNOLOGY GROUP,pre_event,2013,beyond_tolerance,1,1,0,0,0,0,0,1,1,,"[""duplicate_content_flag"", ""likely_navigation_only"", ""soft_404_flag""]"
508f1903-71e7-4aab-aba6-000fed4d8b7d,11,11,HARTING TECHNOLOGY GROUP,event,2015,beyond_tolerance,1,1,0,0,0,0,0,1,1,,"[""duplicate_content_flag"", ""likely_navigation_only"", ""soft_404_flag""]"
508f1903-71e7-4aab-aba6-000fed4d8b7d,11,11,HARTING TECHNOLOGY GROUP,post_event,2017,selected,1,1,0,1,0,0,0,0,0,178.0,"[""likely_navigation_only""]"
508f1903-71e7-4aab-aba6-000fed4d8b7d,11,11,HARTING TECHNOLOGY GROUP,post_post_event,2019,beyond_tolerance,1,1,0,0,0,0,0,1,1,,"[""duplicate_content_flag"", ""likely_navigation_only"", ""soft_404_flag""]"
508f1903-71e7-4aab-aba6-000fed4d8b7d,12,12,DIRK ROSSMANN GMBH,pre_pre_event,2017,beyond_tolerance,1,1,0,0,0,0,0,1,1,,"[""duplicate_content_flag"", ""likely_navigation_only"", ""soft_404_flag""]"
508f1903-71e7-4aab-aba6-000fed4d8b7d,12,12,DIRK ROSSMANN GMBH,pre_event,2019,selected,25,19,6,19,15,0,2,2,6,,"[""duplicate_content_flag"", ""likely_navigation_only""]"
508f1903-71e7-4aab-aba6-000fed4d8b7d,12,12,DIRK ROSSMANN GMBH,event,2021,beyond_tolerance,1,1,0,0,0,0,0,1,1,,"[""duplicate_content_flag"", ""likely_navigation_only"", ""soft_404_flag""]"
508f1903-71e7-4aab-aba6-000fed4d8b7d,12,12,DIRK ROSSMANN GMBH,post_event,2023,beyond_tolerance,1,1,0,0,0,0,0,1,1,,"[""duplicate_content_flag"", ""likely_navigation_only"", ""soft_404_flag""]"
508f1903-71e7-4aab-aba6-000fed4d8b7d,12,12,DIRK ROSSMANN GMBH,post_post_event,2025,beyond_tolerance,1,1,0,0,0,0,0,1,1,,"[""duplicate_content_flag"", ""likely_navigation_only"", ""soft_404_flag""]"
508f1903-71e7-4aab-aba6-000fed4d8b7d,13,13,HIPP HOLDING / HIPP GMBH & CO. VERTRIEB KG,pre_pre_event,2017,selected,25,12,13,12,10,1,10,9,13,,"[""duplicate_content_flag"", ""likely_navigation_only""]"
508f1903-71e7-4aab-aba6-000fed4d8b7d,13,13,HIPP HOLDING / HIPP GMBH & CO. VERTRIEB KG,pre_event,2019,selected,25,12,13,12,11,1,9,8,13,,"[""duplicate_content_flag"", ""likely_navigation_only""]"
508f1903-71e7-4aab-aba6-000fed4d8b7d,13,13,HIPP HOLDING / HIPP GMBH & CO. VERTRIEB KG,event,2021,selected,25,20,5,20,19,0,0,1,5,,"[""duplicate_content_flag"", ""likely_navigation_only""]"
508f1903-71e7-4aab-aba6-000fed4d8b7d,13,13,HIPP HOLDING / HIPP GMBH & CO. VERTRIEB KG,post_event,2023,selected,25,22,3,22,19,1,0,2,3,,"[""duplicate_content_flag"", ""likely_navigation_only""]"
508f1903-71e7-4aab-aba6-000fed4d8b7d,13,13,HIPP HOLDING / HIPP GMBH & CO. VERTRIEB KG,post_post_event,2025,selected,25,18,7,18,17,1,1,0,7,,"[""likely_navigation_only""]"
508f1903-71e7-4aab-aba6-000fed4d8b7d,14,14,CLAAS KGAA MBH,pre_pre_event,2015,beyond_tolerance,1,1,0,0,0,0,0,1,1,,"[""duplicate_content_flag"", ""likely_navigation_only"", ""soft_404_flag""]"
508f1903-71e7-4aab-aba6-000fed4d8b7d,14,14,CLAAS KGAA MBH,pre_event,2017,beyond_tolerance,1,1,0,0,0,0,0,1,1,,"[""duplicate_content_flag"", ""likely_navigation_only"", ""soft_404_flag""]"
508f1903-71e7-4aab-aba6-000fed4d8b7d,14,14,CLAAS KGAA MBH,event,2019,beyond_tolerance,1,1,0,0,0,0,0,1,1,,"[""duplicate_content_flag"", ""likely_navigation_only"", ""soft_404_flag""]"
508f1903-71e7-4aab-aba6-000fed4d8b7d,14,14,CLAAS KGAA MBH,post_event,2021,beyond_tolerance,1,1,0,0,0,0,0,1,1,,"[""duplicate_content_flag"", ""likely_navigation_only"", ""soft_404_flag""]"
508f1903-71e7-4aab-aba6-000fed4d8b7d,14,14,CLAAS KGAA MBH,post_post_event,2023,beyond_tolerance,1,1,0,0,0,0,0,1,1,,"[""duplicate_content_flag"", ""likely_navigation_only"", ""soft_404_flag""]"
508f1903-71e7-4aab-aba6-000fed4d8b7d,15,15,FABER-CASTELL AG,pre_pre_event,2013,selected,25,21,4,20,14,0,3,5,5,,"[""duplicate_content_flag"", ""likely_navigation_only""]"
508f1903-71e7-4aab-aba6-000fed4d8b7d,15,15,FABER-CASTELL AG,pre_event,2015,selected,25,20,5,20,20,0,2,1,5,,"[""duplicate_content_flag"", ""likely_navigation_only""]"
508f1903-71e7-4aab-aba6-000fed4d8b7d,15,15,FABER-CASTELL AG,event,2017,selected,25,22,3,22,20,0,0,2,3,,"[""duplicate_content_flag"", ""likely_navigation_only""]"
508f1903-71e7-4aab-aba6-000fed4d8b7d,15,15,FABER-CASTELL AG,post_event,2019,selected,25,21,4,21,21,0,0,0,4,,"[""likely_navigation_only""]"
508f1903-71e7-4aab-aba6-000fed4d8b7d,15,15,FABER-CASTELL AG,post_post_event,2021,selected,25,24,1,24,24,0,0,0,1,,"[""likely_navigation_only""]"
508f1903-71e7-4aab-aba6-000fed4d8b7d,16,16,HENKEL AG & CO. KGAA,pre_pre_event,2016,selected,25,24,1,24,18,2,0,4,1,,"[""duplicate_content_flag"", ""likely_navigation_only""]"
508f1903-71e7-4aab-aba6-000fed4d8b7d,16,16,HENKEL AG & CO. KGAA,pre_event,2018,selected,25,23,2,22,19,3,0,0,3,,"[""likely_navigation_only"", ""soft_404_flag""]"
508f1903-71e7-4aab-aba6-000fed4d8b7d,16,16,HENKEL AG & CO. KGAA,event,2020,selected,25,23,2,22,21,1,0,0,3,,"[""likely_navigation_only""]"
508f1903-71e7-4aab-aba6-000fed4d8b7d,16,16,HENKEL AG & CO. KGAA,post_event,2022,selected,25,22,3,22,20,1,0,1,3,,"[""duplicate_content_flag"", ""likely_navigation_only""]"
508f1903-71e7-4aab-aba6-000fed4d8b7d,16,16,HENKEL AG & CO. KGAA,post_post_event,2024,selected,1,0,1,0,0,0,0,0,1,,"[""likely_navigation_only""]"
508f1903-71e7-4aab-aba6-000fed4d8b7d,17,17,MERCK KGAA,pre_pre_event,2017,beyond_tolerance,1,1,0,0,0,0,0,1,1,,"[""duplicate_content_flag"", ""likely_navigation_only"", ""soft_404_flag""]"
508f1903-71e7-4aab-aba6-000fed4d8b7d,17,17,MERCK KGAA,pre_event,2019,beyond_tolerance,1,1,0,0,0,0,0,1,1,,"[""duplicate_content_flag"", ""likely_navigation_only"", ""soft_404_flag""]"
508f1903-71e7-4aab-aba6-000fed4d8b7d,17,17,MERCK KGAA,event,2021,beyond_tolerance,1,1,0,0,0,0,0,1,1,,"[""duplicate_content_flag"", ""likely_navigation_only"", ""soft_404_flag""]"
508f1903-71e7-4aab-aba6-000fed4d8b7d,17,17,MERCK KGAA,post_event,2023,beyond_tolerance,1,1,0,0,0,0,0,1,1,,"[""duplicate_content_flag"", ""likely_navigation_only"", ""soft_404_flag""]"
508f1903-71e7-4aab-aba6-000fed4d8b7d,17,17,MERCK KGAA,post_post_event,2025,beyond_tolerance,1,1,0,0,0,0,0,1,1,,"[""duplicate_content_flag"", ""likely_navigation_only"", ""soft_404_flag""]"
508f1903-71e7-4aab-aba6-000fed4d8b7d,18,18,SCHAEFFLER AG,pre_pre_event,2010,beyond_tolerance,1,1,0,0,0,0,0,1,1,,"[""duplicate_content_flag"", ""likely_navigation_only"", ""soft_404_flag""]"
508f1903-71e7-4aab-aba6-000fed4d8b7d,18,18,SCHAEFFLER AG,pre_event,2012,beyond_tolerance,1,1,0,0,0,0,0,1,1,,"[""duplicate_content_flag"", ""likely_navigation_only"", ""soft_404_flag""]"
508f1903-71e7-4aab-aba6-000fed4d8b7d,18,18,SCHAEFFLER AG,event,2014,beyond_tolerance,1,1,0,0,0,0,0,1,1,,"[""duplicate_content_flag"", ""likely_navigation_only"", ""soft_404_flag""]"
508f1903-71e7-4aab-aba6-000fed4d8b7d,18,18,SCHAEFFLER AG,post_event,2016,beyond_tolerance,1,1,0,0,0,0,0,1,1,,"[""duplicate_content_flag"", ""likely_navigation_only"", ""soft_404_flag""]"
508f1903-71e7-4aab-aba6-000fed4d8b7d,18,18,SCHAEFFLER AG,post_post_event,2018,beyond_tolerance,1,1,0,0,0,0,0,1,1,,"[""duplicate_content_flag"", ""likely_navigation_only"", ""soft_404_flag""]"
508f1903-71e7-4aab-aba6-000fed4d8b7d,19,19,HERAEUS GROUP,pre_pre_event,2009,selected,25,19,6,18,16,1,6,2,7,,"[""duplicate_content_flag"", ""likely_navigation_only"", ""soft_404_flag""]"
508f1903-71e7-4aab-aba6-000fed4d8b7d,19,19,HERAEUS GROUP,pre_event,2011,beyond_tolerance,1,1,0,0,0,0,0,1,1,,"[""duplicate_content_flag"", ""likely_navigation_only"", ""soft_404_flag""]"
508f1903-71e7-4aab-aba6-000fed4d8b7d,19,19,HERAEUS GROUP,event,2013,beyond_tolerance,1,1,0,0,0,0,0,1,1,,"[""duplicate_content_flag"", ""likely_navigation_only"", ""soft_404_flag""]"
508f1903-71e7-4aab-aba6-000fed4d8b7d,19,19,HERAEUS GROUP,post_event,2015,beyond_tolerance,1,1,0,0,0,0,0,1,1,,"[""duplicate_content_flag"", ""likely_navigation_only"", ""soft_404_flag""]"
508f1903-71e7-4aab-aba6-000fed4d8b7d,19,19,HERAEUS GROUP,post_post_event,2017,beyond_tolerance,1,1,0,0,0,0,0,1,1,,"[""duplicate_content_flag"", ""likely_navigation_only"", ""soft_404_flag""]"
508f1903-71e7-4aab-aba6-000fed4d8b7d,20,20,BAHLSEN GMBH & CO. KG,pre_pre_event,2018,selected,15,15,0,14,5,0,7,0,1,2440.7,"[""likely_navigation_only""]"
508f1903-71e7-4aab-aba6-000fed4d8b7d,20,20,BAHLSEN GMBH & CO. KG,pre_event,2020,selected,20,19,1,19,8,0,2,10,1,,"[""duplicate_content_flag"", ""likely_navigation_only""]"
508f1903-71e7-4aab-aba6-000fed4d8b7d,20,20,BAHLSEN GMBH & CO. KG,event,2022,selected,1,1,0,0,0,0,0,0,1,39.0,"[""likely_navigation_only""]"
508f1903-71e7-4aab-aba6-000fed4d8b7d,20,20,BAHLSEN GMBH & CO. KG,post_event,2024,beyond_tolerance,1,1,0,0,0,0,0,1,1,,"[""duplicate_content_flag"", ""likely_navigation_only"", ""soft_404_flag""]"
508f1903-71e7-4aab-aba6-000fed4d8b7d,20,20,BAHLSEN GMBH & CO. KG,post_post_event,2026,beyond_tolerance,1,1,0,0,0,0,0,1,1,,"[""duplicate_content_flag"", ""likely_navigation_only"", ""soft_404_flag""]"
508f1903-71e7-4aab-aba6-000fed4d8b7d,21,21,FREUDENBERG GROUP,pre_pre_event,2008,selected,1,1,0,1,1,0,0,0,0,3255.0,
508f1903-71e7-4aab-aba6-000fed4d8b7d,21,21,FREUDENBERG GROUP,pre_event,2010,selected,25,18,7,18,17,0,5,4,7,,"[""duplicate_content_flag"", ""likely_navigation_only""]"
508f1903-71e7-4aab-aba6-000fed4d8b7d,21,21,FREUDENBERG GROUP,event,2012,selected,25,11,14,11,11,0,12,11,14,,"[""duplicate_content_flag"", ""likely_navigation_only""]"
508f1903-71e7-4aab-aba6-000fed4d8b7d,21,21,FREUDENBERG GROUP,post_event,2014,beyond_tolerance,1,1,0,0,0,0,0,1,1,,"[""duplicate_content_flag"", ""likely_navigation_only"", ""soft_404_flag""]"
508f1903-71e7-4aab-aba6-000fed4d8b7d,21,21,FREUDENBERG GROUP,post_post_event,2016,selected,25,23,2,22,20,1,0,1,3,,"[""duplicate_content_flag"", ""likely_navigation_only""]"
508f1903-71e7-4aab-aba6-000fed4d8b7d,22,22,ANDREAS STIHL AG & CO. KG,pre_pre_event,2018,selected,25,23,2,23,17,0,2,4,2,,"[""duplicate_content_flag"", ""likely_navigation_only""]"
508f1903-71e7-4aab-aba6-000fed4d8b7d,22,22,ANDREAS STIHL AG & CO. KG,pre_event,2020,selected,25,23,2,23,18,0,3,3,2,,"[""duplicate_content_flag"", ""likely_navigation_only""]"
508f1903-71e7-4aab-aba6-000fed4d8b7d,22,22,ANDREAS STIHL AG & CO. KG,event,2022,beyond_tolerance,1,1,0,0,0,0,0,1,1,,"[""duplicate_content_flag"", ""likely_navigation_only"", ""soft_404_flag""]"
508f1903-71e7-4aab-aba6-000fed4d8b7d,22,22,ANDREAS STIHL AG & CO. KG,post_event,2024,beyond_tolerance,1,1,0,0,0,0,0,1,1,,"[""duplicate_content_flag"", ""likely_navigation_only"", ""soft_404_flag""]"
508f1903-71e7-4aab-aba6-000fed4d8b7d,22,22,ANDREAS STIHL AG & CO. KG,post_post_event,2026,beyond_tolerance,1,1,0,0,0,0,0,1,1,,"[""duplicate_content_flag"", ""likely_navigation_only"", ""soft_404_flag""]"
508f1903-71e7-4aab-aba6-000fed4d8b7d,23,23,VAILLANT GROUP,pre_pre_event,2014,selected,25,8,17,8,8,2,0,14,17,,"[""duplicate_content_flag"", ""likely_navigation_only""]"
508f1903-71e7-4aab-aba6-000fed4d8b7d,23,23,VAILLANT GROUP,pre_event,2016,selected,25,22,3,21,19,1,1,0,4,,"[""likely_navigation_only""]"
508f1903-71e7-4aab-aba6-000fed4d8b7d,23,23,VAILLANT GROUP,event,2018,selected,25,17,8,16,16,0,7,6,9,,"[""duplicate_content_flag"", ""likely_navigation_only""]"
508f1903-71e7-4aab-aba6-000fed4d8b7d,23,23,VAILLANT GROUP,post_event,2020,selected,25,24,1,23,23,0,0,0,2,,"[""likely_navigation_only""]"
508f1903-71e7-4aab-aba6-000fed4d8b7d,23,23,VAILLANT GROUP,post_post_event,2022,selected,25,23,2,23,21,0,1,0,2,,"[""likely_navigation_only""]"
508f1903-71e7-4aab-aba6-000fed4d8b7d,24,24,VIESSMANN CLIMATE SOLUTIONS / VIESSMANN GROUP,pre_pre_event,2019,selected,1,1,0,0,0,0,0,0,1,0.0,"[""likely_navigation_only""]"
508f1903-71e7-4aab-aba6-000fed4d8b7d,24,24,VIESSMANN CLIMATE SOLUTIONS / VIESSMANN GROUP,pre_event,2021,selected,1,1,0,0,0,0,0,0,1,0.0,"[""likely_navigation_only""]"
508f1903-71e7-4aab-aba6-000fed4d8b7d,24,24,VIESSMANN CLIMATE SOLUTIONS / VIESSMANN GROUP,event,2023,selected,1,1,0,0,0,0,0,0,1,0.0,"[""likely_navigation_only""]"
508f1903-71e7-4aab-aba6-000fed4d8b7d,24,24,VIESSMANN CLIMATE SOLUTIONS / VIESSMANN GROUP,post_event,2025,selected,6,6,0,6,2,1,3,0,0,3680.0,
508f1903-71e7-4aab-aba6-000fed4d8b7d,24,24,VIESSMANN CLIMATE SOLUTIONS / VIESSMANN GROUP,post_post_event,2027,future_unavailable,1,1,0,0,0,0,0,1,1,,"[""duplicate_content_flag"", ""likely_navigation_only"", ""soft_404_flag""]"
508f1903-71e7-4aab-aba6-000fed4d8b7d,25,25,BIRKENSTOCK GROUP,pre_pre_event,2017,selected,25,24,1,24,22,0,0,2,1,,"[""duplicate_content_flag"", ""likely_navigation_only""]"
508f1903-71e7-4aab-aba6-000fed4d8b7d,25,25,BIRKENSTOCK GROUP,pre_event,2019,selected,25,24,1,24,23,0,0,1,1,2204.5,"[""duplicate_content_flag""]"
508f1903-71e7-4aab-aba6-000fed4d8b7d,25,25,BIRKENSTOCK GROUP,event,2021,selected,1,1,0,0,0,0,0,0,1,20.0,"[""likely_navigation_only""]"
508f1903-71e7-4aab-aba6-000fed4d8b7d,25,25,BIRKENSTOCK GROUP,post_event,2023,beyond_tolerance,1,1,0,0,0,0,0,1,1,,"[""duplicate_content_flag"", ""likely_navigation_only"", ""soft_404_flag""]"
508f1903-71e7-4aab-aba6-000fed4d8b7d,25,25,BIRKENSTOCK GROUP,post_post_event,2025,beyond_tolerance,1,1,0,0,0,0,0,1,1,,"[""duplicate_content_flag"", ""likely_navigation_only"", ""soft_404_flag""]"
508f1903-71e7-4aab-aba6-000fed4d8b7d,26,26,RIMOWA GMBH,pre_pre_event,2012,selected,25,23,2,23,1,0,0,22,2,,"[""duplicate_content_flag"", ""likely_navigation_only""]"
508f1903-71e7-4aab-aba6-000fed4d8b7d,26,26,RIMOWA GMBH,pre_event,2014,selected,25,22,3,22,5,0,1,17,3,,"[""duplicate_content_flag"", ""likely_navigation_only""]"
508f1903-71e7-4aab-aba6-000fed4d8b7d,26,26,RIMOWA GMBH,event,2016,selected,25,24,1,24,5,0,0,19,1,,"[""duplicate_content_flag"", ""likely_navigation_only""]"
508f1903-71e7-4aab-aba6-000fed4d8b7d,26,26,RIMOWA GMBH,post_event,2018,selected,25,22,3,22,17,0,1,3,3,,"[""duplicate_content_flag"", ""likely_navigation_only""]"
508f1903-71e7-4aab-aba6-000fed4d8b7d,26,26,RIMOWA GMBH,post_post_event,2020,selected,25,22,3,22,16,0,0,6,3,,"[""duplicate_content_flag"", ""likely_navigation_only""]"
508f1903-71e7-4aab-aba6-000fed4d8b7d,27,27,DOUGLAS HOLDING / DOUGLAS GROUP,pre_pre_event,2008,selected,1,0,1,0,0,0,0,0,1,,"[""likely_navigation_only""]"
508f1903-71e7-4aab-aba6-000fed4d8b7d,27,27,DOUGLAS HOLDING / DOUGLAS GROUP,pre_event,2010,selected,1,1,0,1,1,0,0,0,0,449.0,
508f1903-71e7-4aab-aba6-000fed4d8b7d,27,27,DOUGLAS HOLDING / DOUGLAS GROUP,event,2012,beyond_tolerance,1,1,0,0,0,0,0,1,1,,"[""duplicate_content_flag"", ""likely_navigation_only"", ""soft_404_flag""]"
508f1903-71e7-4aab-aba6-000fed4d8b7d,27,27,DOUGLAS HOLDING / DOUGLAS GROUP,post_event,2014,beyond_tolerance,1,1,0,0,0,0,0,1,1,,"[""duplicate_content_flag"", ""likely_navigation_only"", ""soft_404_flag""]"
508f1903-71e7-4aab-aba6-000fed4d8b7d,27,27,DOUGLAS HOLDING / DOUGLAS GROUP,post_post_event,2016,selected,25,21,4,21,17,0,6,2,4,,"[""duplicate_content_flag"", ""likely_navigation_only""]"
508f1903-71e7-4aab-aba6-000fed4d8b7d,29,29,CONDITOREI COPPENRATH & WIESE KG,pre_pre_event,2011,selected,25,24,1,24,23,0,0,1,1,,"[""duplicate_content_flag"", ""likely_navigation_only""]"
508f1903-71e7-4aab-aba6-000fed4d8b7d,29,29,CONDITOREI COPPENRATH & WIESE KG,pre_event,2013,selected,25,24,1,24,23,0,0,1,1,,"[""duplicate_content_flag"", ""likely_navigation_only""]"
508f1903-71e7-4aab-aba6-000fed4d8b7d,29,29,CONDITOREI COPPENRATH & WIESE KG,event,2015,selected,25,25,0,25,24,0,0,1,0,3173.0,"[""duplicate_content_flag""]"
508f1903-71e7-4aab-aba6-000fed4d8b7d,29,29,CONDITOREI COPPENRATH & WIESE KG,post_event,2017,selected,5,1,4,1,1,0,4,3,4,884.0,"[""duplicate_content_flag""]"
508f1903-71e7-4aab-aba6-000fed4d8b7d,29,29,CONDITOREI COPPENRATH & WIESE KG,post_post_event,2019,selected,25,18,7,18,18,0,7,5,7,2923.7,"[""duplicate_content_flag""]"
508f1903-71e7-4aab-aba6-000fed4d8b7d,30,30,DR. AUGUST OETKER KG / OETKER-GRUPPE,pre_pre_event,2017,beyond_tolerance,1,1,0,0,0,0,0,1,1,,"[""duplicate_content_flag"", ""likely_navigation_only"", ""soft_404_flag""]"
508f1903-71e7-4aab-aba6-000fed4d8b7d,30,30,DR. AUGUST OETKER KG / OETKER-GRUPPE,pre_event,2019,beyond_tolerance,1,1,0,0,0,0,0,1,1,,"[""duplicate_content_flag"", ""likely_navigation_only"", ""soft_404_flag""]"
508f1903-71e7-4aab-aba6-000fed4d8b7d,30,30,DR. AUGUST OETKER KG / OETKER-GRUPPE,event,2021,beyond_tolerance,1,1,0,0,0,0,0,1,1,,"[""duplicate_content_flag"", ""likely_navigation_only"", ""soft_404_flag""]"
508f1903-71e7-4aab-aba6-000fed4d8b7d,30,30,DR. AUGUST OETKER KG / OETKER-GRUPPE,post_event,2023,selected,25,23,2,22,14,1,2,6,3,,"[""duplicate_content_flag"", ""likely_navigation_only""]"
508f1903-71e7-4aab-aba6-000fed4d8b7d,30,30,DR. AUGUST OETKER KG / OETKER-GRUPPE,post_post_event,2025,selected,25,22,3,21,17,1,4,1,4,,"[""duplicate_content_flag"", ""likely_navigation_only""]"
508f1903-71e7-4aab-aba6-000fed4d8b7d,28,28,CANYON BICYCLES GMBH,pre_pre_event,2016,selected,1,1,0,1,1,0,0,0,0,330.0,
508f1903-71e7-4aab-aba6-000fed4d8b7d,28,28,CANYON BICYCLES GMBH,pre_event,2018,selected,25,25,0,25,19,0,3,5,0,16466.7,"[""duplicate_content_flag""]"
508f1903-71e7-4aab-aba6-000fed4d8b7d,28,28,CANYON BICYCLES GMBH,event,2020,selected,25,25,0,25,20,0,3,2,0,2022.8,"[""duplicate_content_flag"", ""likely_navigation_only""]"
508f1903-71e7-4aab-aba6-000fed4d8b7d,28,28,CANYON BICYCLES GMBH,post_event,2022,selected,25,24,1,23,23,0,0,1,2,4310.7,"[""duplicate_content_flag"", ""likely_navigation_only""]"
508f1903-71e7-4aab-aba6-000fed4d8b7d,28,28,CANYON BICYCLES GMBH,post_post_event,2024,selected,25,25,0,25,19,0,6,4,0,5983.2,"[""duplicate_content_flag""]"
