rescue_decision,rescue_decision_reason,original_german_text_eligible,rescue_german_text_eligible,original_text_analysis_eligible,rescue_text_analysis_eligible,original_observation_recommendation,rescue_observation_recommendation,original_primary_or_sensitivity,rescue_primary_or_sensitivity,original_branding_tokens_de,rescue_branding_tokens_de,original_branding_pages_de,rescue_branding_pages_de,original_temporal_fit_quality,rescue_temporal_fit_quality,original_temporal_distance_days,rescue_temporal_distance_days,entity_change_flag,forced_sensitivity_treatment,original_selected_capture,rescue_selected_capture,original_seed_url,rescue_seed_url,original_domain,rescue_domain,firm_id,company,relative_timepoint,source_batch,decision_source_file,assembly_timestamp,final_decision_provenance
retain_original,rescue_not_better_german_evidence,True,False,True,True,sensitivity_analysis,include,sensitivity,sensitivity,2122.0,0.0,12.0,0.0,high,high,40.0,8.0,False,False,2015-05-22,2015-07-09,http://www.peter-lacke.de/,https://www.peter-lacke.com/,,peter-lacke.com,2,PETER-LACKE HOLDING GMBH,event,B01,data/interim/full_sample_rescue/assembly_sources/b01_batch1/rescue_comparison_decisions.csv,2026-09-24T07:23:19.931910+00:00,accepted_B01
remain_unavailable,rescue_outside_tolerance_or_not_found,False,False,False,False,exclude,,excluded,excluded,0.0,0.0,0.0,0.0,,,,,False,False,,,,,,,2,PETER-LACKE HOLDING GMBH,post_event,B01,data/interim/full_sample_rescue/assembly_sources/b01_batch1/rescue_comparison_decisions.csv,2026-09-24T07:23:19.931910+00:00,accepted_B01
replace_with_rescue,rescue_provides_german_where_original_lacked,False,True,False,True,exclude,include,excluded,primary,0.0,4178.0,0.0,18.0,,high,,56.0,False,False,,2019-08-26,,https://www.peter-lacke.com/,,peter-lacke.com,2,PETER-LACKE HOLDING GMBH,post_post_event,B01,data/interim/full_sample_rescue/assembly_sources/b01_batch1/rescue_comparison_decisions.csv,2026-09-24T07:23:19.931910+00:00,accepted_B01
retain_original,rescue_not_better_german_evidence,True,False,True,True,include,include,primary,sensitivity,2483.0,0.0,17.0,0.0,high,high,2.0,67.0,False,False,2013-07-03,2013-04-25,http://www.peter-lacke.de/,https://www.peter-lacke.com/,,peter-lacke.com,2,PETER-LACKE HOLDING GMBH,pre_event,B01,data/interim/full_sample_rescue/assembly_sources/b01_batch1/rescue_comparison_decisions.csv,2026-09-24T07:23:19.931910+00:00,accepted_B01
retain_original,rescue_not_better_german_evidence,True,False,True,True,include,include,primary,sensitivity,2603.0,0.0,19.0,0.0,high,high,8.0,36.0,False,False,2011-07-09,2011-08-06,http://www.peter-lacke.de/,https://www.peter-lacke.com/,,peter-lacke.com,2,PETER-LACKE HOLDING GMBH,pre_pre_event,B01,data/interim/full_sample_rescue/assembly_sources/b01_batch1/rescue_comparison_decisions.csv,2026-09-24T07:23:19.931910+00:00,accepted_B01
retain_original,rescue_not_better_german_evidence,True,True,True,True,include,include,primary,primary,2457.0,1485.0,9.0,6.0,moderate,high,96.0,74.0,False,False,2008-03-27,2008-09-13,http://msf-technik.de/,http://www.msf-technik.de/UEber-uns.9.0.html,,msf-technik.de,5,MSF-VATHAUER ANTRIEBSTECHNIK GMBH & CO. KG,post_event,B06,data/interim/full_sample_rescue/rescue_comparison_decisions_B06.csv,2026-09-24T07:23:19.941691+00:00,accepted_B06
add_as_sensitivity_alternative,rescue_weaker_temporal_fit,True,True,True,True,include,include,primary,primary,2698.0,3394.0,8.0,11.0,high,low,13.0,225.0,False,False,2010-06-18,2009-11-18,http://www.msf-technik.de/,http://www.msf-technik.de/UEber-uns.9.0.html,,msf-technik.de,5,MSF-VATHAUER ANTRIEBSTECHNIK GMBH & CO. KG,post_post_event,B06,data/interim/full_sample_rescue/rescue_comparison_decisions_B06.csv,2026-09-24T07:23:19.941691+00:00,accepted_B06
replace_with_rescue,rescue_provides_german_where_original_lacked,False,True,False,True,exclude_duplicate_capture,sensitivity_analysis,excluded,sensitivity,0.0,175.0,0.0,1.0,very_low,high,435.0,20.0,False,False,2005-09-09,2004-06-11,http://www.msf-technik.de/,http://www.msf-technik.de/frames/ueber-uns.shtml,,msf-technik.de,5,MSF-VATHAUER ANTRIEBSTECHNIK GMBH & CO. KG,pre_event,B06,data/interim/full_sample_rescue/rescue_comparison_decisions_B06.csv,2026-09-24T07:23:19.941691+00:00,accepted_B06
replace_with_rescue,rescue_provides_german_where_original_lacked,False,True,False,True,include,sensitivity_analysis,excluded,sensitivity,0.0,175.0,0.0,1.0,low,moderate,343.0,149.0,False,False,2001-07-23,2002-11-27,http://www.msf-technik.de/,http://www.msf-technik.de/frames/ueber-uns.shtml,,msf-technik.de,5,MSF-VATHAUER ANTRIEBSTECHNIK GMBH & CO. KG,pre_pre_event,B06,data/interim/full_sample_rescue/rescue_comparison_decisions_B06.csv,2026-09-24T07:23:19.941691+00:00,accepted_B06
replace_with_rescue,rescue_provides_german_where_original_lacked,False,True,False,True,exclude,include,excluded,primary,0.0,4038.0,0.0,19.0,,high,,3.0,False,False,,2019-07-04,,https://www.bbraun.de/de.html,,bbraun.de,10,B. BRAUN SE,event,B_BRAUN_SMOKE,data/interim/full_sample_rescue/assembly_sources/bbraun_smoke/rescue_comparison_decisions.csv,2026-09-24T07:23:19.930436+00:00,accepted_B_BRAUN_SMOKE
replace_with_rescue,rescue_provides_german_where_original_lacked,False,True,False,True,exclude,include,excluded,primary,0.0,277.0,0.0,1.0,,high,,5.0,False,False,,2021-07-06,,https://www.bbraun.de/de.html,,bbraun.de,10,B. BRAUN SE,post_event,B_BRAUN_SMOKE,data/interim/full_sample_rescue/assembly_sources/bbraun_smoke/rescue_comparison_decisions.csv,2026-09-24T07:23:19.930436+00:00,accepted_B_BRAUN_SMOKE
replace_with_rescue,rescue_provides_german_where_original_lacked,False,True,False,True,exclude,include,excluded,primary,0.0,5795.0,0.0,23.0,,high,,0.0,False,False,,2023-07-01,,https://www.bbraun.de/de.html,,bbraun.de,10,B. BRAUN SE,post_post_event,B_BRAUN_SMOKE,data/interim/full_sample_rescue/assembly_sources/bbraun_smoke/rescue_comparison_decisions.csv,2026-09-24T07:23:19.930436+00:00,accepted_B_BRAUN_SMOKE
replace_with_rescue,rescue_provides_german_where_original_lacked,False,True,True,True,sensitivity_analysis,include,sensitivity,primary,0.0,3091.0,0.0,17.0,very_low,high,448.0,0.0,False,False,2016-04-09,2017-07-01,http://www.bbraun.com/,https://www.bbraun.de/de.html,,bbraun.de,10,B. BRAUN SE,pre_event,B_BRAUN_SMOKE,data/interim/full_sample_rescue/assembly_sources/bbraun_smoke/rescue_comparison_decisions.csv,2026-09-24T07:23:19.930436+00:00,accepted_B_BRAUN_SMOKE
replace_with_rescue,rescue_provides_german_where_original_lacked,False,True,True,True,include,include,sensitivity,primary,0.0,4827.0,0.0,21.0,high,low,3.0,272.0,False,False,2015-07-04,2016-03-29,http://www.bbraun.com/,https://www.bbraun.de/de.html,,bbraun.de,10,B. BRAUN SE,pre_pre_event,B_BRAUN_SMOKE,data/interim/full_sample_rescue/assembly_sources/bbraun_smoke/rescue_comparison_decisions.csv,2026-09-24T07:23:19.930436+00:00,accepted_B_BRAUN_SMOKE
replace_with_rescue,rescue_provides_german_where_original_lacked,False,True,False,True,include,include,excluded,primary,0.0,5316.0,0.0,19.0,high,low,73.0,246.0,False,False,2017-09-12,2018-03-04,http://www.harting.com/,https://www.harting.com/DE/de,,harting.com,11,HARTING TECHNOLOGY GROUP,post_event,B01,data/interim/full_sample_rescue/assembly_sources/b01_batch1/rescue_comparison_decisions.csv,2026-09-24T07:23:19.931910+00:00,accepted_B01
replace_with_rescue,rescue_provides_german_where_original_lacked,False,True,False,True,exclude,include,excluded,primary,0.0,5940.0,0.0,21.0,,high,,23.0,False,False,,2019-07-24,,https://www.harting.com/DE/de,,harting.com,11,HARTING TECHNOLOGY GROUP,post_post_event,B01,data/interim/full_sample_rescue/assembly_sources/b01_batch1/rescue_comparison_decisions.csv,2026-09-24T07:23:19.931910+00:00,accepted_B01
replace_with_rescue,rescue_german_eligible_forced_sensitivity_scope,False,True,False,True,exclude,sensitivity_analysis,excluded,sensitivity,0.0,4528.0,0.0,18.0,,very_low,,375.0,False,True,,2012-06-21,,http://www.harting.de/,,harting.de,11,HARTING TECHNOLOGY GROUP,pre_event,B01,data/interim/full_sample_rescue/assembly_sources/b01_batch1/rescue_comparison_decisions.csv,2026-09-24T07:23:19.931910+00:00,accepted_B01
replace_with_rescue,rescue_provides_german_where_original_lacked,False,True,False,True,exclude,include,excluded,primary,0.0,4150.0,0.0,17.0,,high,,12.0,False,False,,2011-07-13,,http://www.harting.de/,,harting.de,11,HARTING TECHNOLOGY GROUP,pre_pre_event,B01,data/interim/full_sample_rescue/assembly_sources/b01_batch1/rescue_comparison_decisions.csv,2026-09-24T07:23:19.931910+00:00,accepted_B01
replace_with_rescue,rescue_provides_german_where_original_lacked,False,True,False,True,exclude,include,excluded,primary,0.0,11147.0,0.0,25.0,,high,,2.0,False,False,,2023-06-29,,https://unternehmen.rossmann.de/,,rossmann.de,12,DIRK ROSSMANN GMBH,post_event,B01,data/interim/full_sample_rescue/assembly_sources/b01_batch1/rescue_comparison_decisions.csv,2026-09-24T07:23:19.931910+00:00,accepted_B01
replace_with_rescue,rescue_provides_german_where_original_lacked,False,True,False,True,exclude,include,excluded,primary,0.0,10496.0,0.0,23.0,,high,,0.0,False,False,,2025-07-01,,https://unternehmen.rossmann.de/,,rossmann.de,12,DIRK ROSSMANN GMBH,post_post_event,B01,data/interim/full_sample_rescue/assembly_sources/b01_batch1/rescue_comparison_decisions.csv,2026-09-24T07:23:19.931910+00:00,accepted_B01
replace_with_rescue,better_german_branding_within_equal_or_better_temporal,True,True,True,True,include,sensitivity_analysis,primary,sensitivity,2595.0,5981.0,15.0,22.0,high,high,0.0,4.0,False,False,2019-07-01,2019-06-27,https://www.rossmann.de/,https://www.rossmann.de/unternehmen/,,rossmann.de,12,DIRK ROSSMANN GMBH,pre_event,B01,data/interim/full_sample_rescue/assembly_sources/b01_batch1/rescue_comparison_decisions.csv,2026-09-24T07:23:19.931910+00:00,accepted_B01
replace_with_rescue,rescue_provides_german_where_original_lacked,False,True,False,True,exclude,sensitivity_analysis,excluded,sensitivity,0.0,8172.0,0.0,24.0,,high,,70.0,False,False,,2017-04-22,,https://www.rossmann.de/unternehmen/,,rossmann.de,12,DIRK ROSSMANN GMBH,pre_pre_event,B01,data/interim/full_sample_rescue/assembly_sources/b01_batch1/rescue_comparison_decisions.csv,2026-09-24T07:23:19.931910+00:00,accepted_B01
rejected_insufficient_text,no_branding_pages,False,False,False,False,exclude,include,excluded,excluded,0.0,0.0,0.0,0.0,,high,,15.0,False,False,,2019-07-16,,http://www.claas-gruppe.com/,,claas-gruppe.com,14,CLAAS KGAA MBH,event,B02,data/interim/full_sample_rescue/rescue_comparison_decisions_B02.csv,2026-09-24T07:23:19.934124+00:00,accepted_B02
replace_with_rescue,rescue_provides_german_where_original_lacked,False,True,False,True,exclude,include,excluded,primary,0.0,11143.0,0.0,20.0,,high,,0.0,False,False,,2021-07-01,,http://www.claas-gruppe.com/,,claas-gruppe.com,14,CLAAS KGAA MBH,post_event,B02,data/interim/full_sample_rescue/rescue_comparison_decisions_B02.csv,2026-09-24T07:23:19.934124+00:00,accepted_B02
replace_with_rescue,rescue_provides_german_where_original_lacked,False,True,False,True,exclude,include,excluded,primary,0.0,12847.0,0.0,20.0,,high,,3.0,False,False,,2023-07-04,,http://www.claas-gruppe.com/,,claas-gruppe.com,14,CLAAS KGAA MBH,post_post_event,B02,data/interim/full_sample_rescue/rescue_comparison_decisions_B02.csv,2026-09-24T07:23:19.934124+00:00,accepted_B02
replace_with_rescue,rescue_provides_german_where_original_lacked,False,True,False,True,exclude,include,excluded,primary,0.0,11560.0,0.0,19.0,,high,,6.0,False,False,,2017-07-07,,http://www.claas-gruppe.com/,,claas-gruppe.com,14,CLAAS KGAA MBH,pre_event,B02,data/interim/full_sample_rescue/rescue_comparison_decisions_B02.csv,2026-09-24T07:23:19.934124+00:00,accepted_B02
replace_with_rescue,rescue_provides_german_where_original_lacked,False,True,False,True,exclude,include,excluded,primary,0.0,11259.0,0.0,21.0,,high,,7.0,False,False,,2015-06-24,,http://www.claas-gruppe.com/,,claas-gruppe.com,14,CLAAS KGAA MBH,pre_pre_event,B02,data/interim/full_sample_rescue/rescue_comparison_decisions_B02.csv,2026-09-24T07:23:19.934124+00:00,accepted_B02
rejected_insufficient_text,no_branding_pages,False,False,True,False,include,sensitivity_analysis,sensitivity,excluded,0.0,0.0,0.0,0.0,high,high,0.0,28.0,False,False,2017-07-01,2017-06-03,http://www.faber-castell.com/,https://www.faber-castell.de/,,faber-castell.de,15,FABER-CASTELL AG,event,B02,data/interim/full_sample_rescue/rescue_comparison_decisions_B02.csv,2026-09-24T07:23:19.934124+00:00,accepted_B02
replace_with_rescue,rescue_provides_german_where_original_lacked,False,True,True,True,include,include,sensitivity,primary,0.0,5649.0,0.0,22.0,high,high,5.0,6.0,False,False,2019-06-26,2019-06-25,https://www.faber-castell.com/,https://www.faber-castell.de/,,faber-castell.de,15,FABER-CASTELL AG,post_event,B02,data/interim/full_sample_rescue/rescue_comparison_decisions_B02.csv,2026-09-24T07:23:19.934124+00:00,accepted_B02
replace_with_rescue,rescue_provides_german_where_original_lacked,False,True,True,True,include,include,sensitivity,primary,0.0,7164.0,0.0,22.0,high,high,16.0,7.0,False,False,2021-06-15,2021-06-24,https://www.faber-castell.com/,https://www.faber-castell.de/,,faber-castell.de,15,FABER-CASTELL AG,post_post_event,B02,data/interim/full_sample_rescue/rescue_comparison_decisions_B02.csv,2026-09-24T07:23:19.934124+00:00,accepted_B02
replace_with_rescue,better_german_branding_within_equal_or_better_temporal,True,True,True,True,include,include,primary,primary,983.0,5951.0,1.0,17.0,high,high,1.0,2.0,False,False,2015-07-02,2015-06-29,http://www.faber-castell.com/,https://www.faber-castell.de/,,faber-castell.de,15,FABER-CASTELL AG,pre_event,B02,data/interim/full_sample_rescue/rescue_comparison_decisions_B02.csv,2026-09-24T07:23:19.934124+00:00,accepted_B02
replace_with_rescue,better_german_branding_within_equal_or_better_temporal,True,True,True,True,include,include,primary,primary,678.0,4394.0,5.0,13.0,moderate,high,153.0,1.0,False,False,2013-01-29,2013-06-30,http://www.faber-castell.com/,https://www.faber-castell.de/,,faber-castell.de,15,FABER-CASTELL AG,pre_pre_event,B02,data/interim/full_sample_rescue/rescue_comparison_decisions_B02.csv,2026-09-24T07:23:19.934124+00:00,accepted_B02
replace_with_rescue,rescue_provides_german_where_original_lacked,False,True,True,True,include,sensitivity_analysis,sensitivity,sensitivity,0.0,17645.0,0.0,21.0,high,high,0.0,1.0,False,False,2020-07-01,2020-06-30,https://www.henkel.com/,https://www.henkel.de/,,henkel.de,16,HENKEL AG & CO. KGAA,event,B02,data/interim/full_sample_rescue/rescue_comparison_decisions_B02.csv,2026-09-24T07:23:19.934124+00:00,accepted_B02
rejected_insufficient_text,no_branding_pages,False,False,True,False,include,include,sensitivity,excluded,0.0,0.0,0.0,0.0,high,high,0.0,0.0,False,False,2022-07-01,2022-07-01,https://www.henkel.com/,https://www.henkel.de/,,henkel.de,16,HENKEL AG & CO. KGAA,post_event,B02,data/interim/full_sample_rescue/rescue_comparison_decisions_B02.csv,2026-09-24T07:23:19.934124+00:00,accepted_B02
replace_with_rescue,rescue_provides_german_where_original_lacked,False,True,False,True,include,include,excluded,primary,0.0,16961.0,0.0,20.0,high,high,0.0,0.0,False,False,2024-07-01,2024-07-01,https://www.henkel.com/,https://www.henkel.de/,,henkel.de,16,HENKEL AG & CO. KGAA,post_post_event,B02,data/interim/full_sample_rescue/rescue_comparison_decisions_B02.csv,2026-09-24T07:23:19.934124+00:00,accepted_B02
replace_with_rescue,rescue_provides_german_where_original_lacked,False,True,True,True,include,include,sensitivity,primary,0.0,9676.0,0.0,19.0,high,high,0.0,6.0,False,False,2018-07-01,2018-06-25,https://www.henkel.com/,https://www.henkel.de/,,henkel.de,16,HENKEL AG & CO. KGAA,pre_event,B02,data/interim/full_sample_rescue/rescue_comparison_decisions_B02.csv,2026-09-24T07:23:19.934124+00:00,accepted_B02
replace_with_rescue,rescue_provides_german_where_original_lacked,False,True,True,True,include,include,sensitivity,primary,0.0,8084.0,0.0,18.0,high,high,1.0,2.0,False,False,2016-07-02,2016-07-03,http://www.henkel.com/,https://www.henkel.de/,,henkel.de,16,HENKEL AG & CO. KGAA,pre_pre_event,B02,data/interim/full_sample_rescue/rescue_comparison_decisions_B02.csv,2026-09-24T07:23:19.934124+00:00,accepted_B02
replace_with_rescue,rescue_provides_german_where_original_lacked,False,True,False,True,exclude,sensitivity_analysis,excluded,sensitivity,0.0,10189.0,0.0,17.0,,high,,22.0,False,False,,2021-06-09,,https://www.merckgroup.com/de,,merckgroup.com,17,MERCK KGAA,event,B03,data/interim/full_sample_rescue/rescue_comparison_decisions_B03.csv,2026-09-24T07:23:19.937665+00:00,accepted_B03
replace_with_rescue,rescue_provides_german_where_original_lacked,False,True,False,True,exclude,include,excluded,primary,0.0,6854.0,0.0,9.0,,high,,0.0,False,False,,2023-07-01,,https://www.merckgroup.com/de,,merckgroup.com,17,MERCK KGAA,post_event,B03,data/interim/full_sample_rescue/rescue_comparison_decisions_B03.csv,2026-09-24T07:23:19.937665+00:00,accepted_B03
replace_with_rescue,rescue_provides_german_where_original_lacked,False,True,False,True,exclude,include,excluded,primary,0.0,2290.0,0.0,6.0,,high,,36.0,False,False,,2025-08-06,,https://www.merckgroup.com/de,,merckgroup.com,17,MERCK KGAA,post_post_event,B03,data/interim/full_sample_rescue/rescue_comparison_decisions_B03.csv,2026-09-24T07:23:19.937665+00:00,accepted_B03
replace_with_rescue,rescue_provides_german_where_original_lacked,False,True,False,True,exclude,include,excluded,primary,0.0,5959.0,0.0,18.0,,high,,18.0,False,False,,2019-07-19,,https://www.merckgroup.com/de,,merckgroup.com,17,MERCK KGAA,pre_event,B03,data/interim/full_sample_rescue/rescue_comparison_decisions_B03.csv,2026-09-24T07:23:19.937665+00:00,accepted_B03
replace_with_rescue,rescue_provides_german_where_original_lacked,False,True,False,True,exclude,include,excluded,primary,0.0,5812.0,0.0,22.0,,high,,31.0,False,False,,2017-08-01,,https://www.merckgroup.com/de,,merckgroup.com,17,MERCK KGAA,pre_pre_event,B03,data/interim/full_sample_rescue/rescue_comparison_decisions_B03.csv,2026-09-24T07:23:19.937665+00:00,accepted_B03
replace_with_rescue,rescue_provides_german_where_original_lacked,False,True,False,True,exclude,sensitivity_analysis,excluded,sensitivity,0.0,5506.0,0.0,20.0,,high,,5.0,False,False,,2014-06-26,,http://www.schaeffler.de/content.schaeffler.de/de/index.jsp,,schaeffler.de,18,SCHAEFFLER AG,event,B03,data/interim/full_sample_rescue/rescue_comparison_decisions_B03.csv,2026-09-24T07:23:19.937665+00:00,accepted_B03
replace_with_rescue,rescue_provides_german_where_original_lacked,False,True,False,True,exclude,sensitivity_analysis,excluded,sensitivity,0.0,6168.0,0.0,18.0,,high,,4.0,False,False,,2016-06-27,,http://www.schaeffler.de/content.schaeffler.de/de/index.jsp,,schaeffler.de,18,SCHAEFFLER AG,post_event,B03,data/interim/full_sample_rescue/rescue_comparison_decisions_B03.csv,2026-09-24T07:23:19.937665+00:00,accepted_B03
replace_with_rescue,rescue_provides_german_where_original_lacked,False,True,False,True,exclude,sensitivity_analysis,excluded,sensitivity,0.0,9652.0,0.0,24.0,,high,,21.0,False,False,,2018-07-22,,http://www.schaeffler.de/content.schaeffler.de/de/index.jsp,,schaeffler.de,18,SCHAEFFLER AG,post_post_event,B03,data/interim/full_sample_rescue/rescue_comparison_decisions_B03.csv,2026-09-24T07:23:19.937665+00:00,accepted_B03
replace_with_rescue,rescue_provides_german_where_original_lacked,False,True,False,True,exclude,sensitivity_analysis,excluded,sensitivity,0.0,5275.0,0.0,17.0,,high,,8.0,False,False,,2012-07-09,,http://www.schaeffler.de/content.schaeffler.de/de/index.jsp,,schaeffler.de,18,SCHAEFFLER AG,pre_event,B03,data/interim/full_sample_rescue/rescue_comparison_decisions_B03.csv,2026-09-24T07:23:19.937665+00:00,accepted_B03
replace_with_rescue,rescue_provides_german_where_original_lacked,False,True,False,True,exclude,sensitivity_analysis,excluded,sensitivity,0.0,3614.0,0.0,11.0,,high,,22.0,False,False,,2010-07-23,,http://www.schaeffler.de/content.schaeffler.de/de/index.jsp,,schaeffler.de,18,SCHAEFFLER AG,pre_pre_event,B03,data/interim/full_sample_rescue/rescue_comparison_decisions_B03.csv,2026-09-24T07:23:19.937665+00:00,accepted_B03
rejected_insufficient_text,no_branding_pages,False,False,False,False,exclude,include,excluded,excluded,0.0,0.0,0.0,0.0,,moderate,,157.0,False,False,,2015-12-05,,https://www.heraeus.com/de/group/home/home.aspx,,heraeus.com,19,HERAEUS GROUP,post_event,B03,data/interim/full_sample_rescue/rescue_comparison_decisions_B03.csv,2026-09-24T07:23:19.937665+00:00,accepted_B03
replace_with_rescue,rescue_provides_german_where_original_lacked,False,True,False,True,exclude,include,excluded,primary,0.0,4482.0,0.0,22.0,,high,,2.0,False,False,,2017-07-03,,https://www.heraeus.com/de/group/home/home.aspx,,heraeus.com,19,HERAEUS GROUP,post_post_event,B03,data/interim/full_sample_rescue/rescue_comparison_decisions_B03.csv,2026-09-24T07:23:19.937665+00:00,accepted_B03
replace_with_rescue,rescue_german_eligible_forced_sensitivity_scope,False,True,False,True,exclude,sensitivity_analysis,excluded,sensitivity,0.0,2361.0,0.0,14.0,,very_low,,421.0,False,True,,2012-08-25,,http://heraeus.com/de/home/default.aspx,,heraeus.com,19,HERAEUS GROUP,pre_event,B03,data/interim/full_sample_rescue/rescue_comparison_decisions_B03.csv,2026-09-24T07:23:19.937665+00:00,accepted_B03
retain_original,rescue_not_selected_or_missing,True,False,True,False,include,,primary,excluded,1096.0,0.0,7.0,0.0,low,,262.0,,False,False,2008-10-12,,http://www.heraeus.com/,,,,19,HERAEUS GROUP,pre_pre_event,B03,data/interim/full_sample_rescue/rescue_comparison_decisions_B03.csv,2026-09-24T07:23:19.937665+00:00,accepted_B03
replace_with_rescue,rescue_provides_german_where_original_lacked,False,True,False,True,sensitivity_analysis,sensitivity_analysis,excluded,sensitivity,0.0,6443.0,0.0,22.0,low,high,358.0,6.0,False,False,2021-07-08,2022-06-25,https://www.bahlsen.com/,https://www.thebahlsenfamily.com/de/,,thebahlsenfamily.com,20,BAHLSEN GMBH & CO. KG,event,B04,data/interim/full_sample_rescue/rescue_comparison_decisions_B04.csv,2026-09-24T07:23:19.939071+00:00,accepted_B04
replace_with_rescue,rescue_provides_german_where_original_lacked,False,True,False,True,exclude,include,excluded,primary,0.0,6231.0,0.0,21.0,,high,,4.0,False,False,,2024-07-05,,https://www.thebahlsenfamily.com/de/,,thebahlsenfamily.com,20,BAHLSEN GMBH & CO. KG,post_event,B04,data/interim/full_sample_rescue/rescue_comparison_decisions_B04.csv,2026-09-24T07:23:19.939071+00:00,accepted_B04
replace_with_rescue,rescue_provides_german_where_original_lacked,False,True,False,True,exclude,include,excluded,primary,0.0,7338.0,0.0,22.0,,low,,207.0,False,False,,2025-12-06,,https://www.thebahlsenfamily.com/de/,,thebahlsenfamily.com,20,BAHLSEN GMBH & CO. KG,post_post_event,B04,data/interim/full_sample_rescue/rescue_comparison_decisions_B04.csv,2026-09-24T07:23:19.939071+00:00,accepted_B04
replace_with_rescue,rescue_provides_german_where_original_lacked,False,True,True,True,sensitivity_analysis,include,sensitivity,primary,0.0,6256.0,0.0,21.0,low,high,288.0,42.0,False,False,2021-04-15,2020-08-12,https://www.bahlsen.com/,https://www.thebahlsenfamily.com/de/,,thebahlsenfamily.com,20,BAHLSEN GMBH & CO. KG,pre_event,B04,data/interim/full_sample_rescue/rescue_comparison_decisions_B04.csv,2026-09-24T07:23:19.939071+00:00,accepted_B04
replace_with_rescue,rescue_provides_german_where_original_lacked,False,True,True,True,sensitivity_analysis,include,sensitivity,primary,47.0,6613.0,1.0,21.0,very_low,low,501.0,333.0,False,False,2017-02-15,2019-05-30,http://www.bahlsen.com/,https://www.thebahlsenfamily.com/de/,,thebahlsenfamily.com,20,BAHLSEN GMBH & CO. KG,pre_pre_event,B04,data/interim/full_sample_rescue/rescue_comparison_decisions_B04.csv,2026-09-24T07:23:19.939071+00:00,accepted_B04
remain_unavailable,rescue_outside_tolerance_or_not_found,False,False,False,False,exclude,,excluded,excluded,0.0,0.0,0.0,0.0,,,,,False,True,,,,,,,21,FREUDENBERG GROUP,post_event,B05,data/interim/full_sample_rescue/rescue_comparison_decisions_B05.csv,2026-09-24T07:23:19.940369+00:00,accepted_B05
add_as_sensitivity_alternative,forced_sensitivity_treatment,True,True,True,True,sensitivity_analysis,sensitivity_analysis,sensitivity,sensitivity,2038.0,5219.0,9.0,20.0,very_low,very_low,367.0,378.0,False,True,2017-07-03,2017-07-14,http://www.freudenberg.com/,https://www.freudenberg.com/de/,,freudenberg.com,21,FREUDENBERG GROUP,post_post_event,B05,data/interim/full_sample_rescue/rescue_comparison_decisions_B05.csv,2026-09-24T07:23:19.940369+00:00,accepted_B05
replace_with_rescue,rescue_german_eligible_forced_sensitivity_scope,False,True,True,True,include,include,sensitivity,sensitivity,0.0,235.0,0.0,1.0,high,high,22.0,5.0,False,True,2010-07-23,2010-07-06,http://www.freudenberg.com/,http://www.freudenberg.de/,,freudenberg.de,21,FREUDENBERG GROUP,pre_event,B05,data/interim/full_sample_rescue/rescue_comparison_decisions_B05.csv,2026-09-24T07:23:19.940369+00:00,accepted_B05
replace_with_rescue,rescue_german_eligible_forced_sensitivity_scope,False,True,True,True,include,include,sensitivity,sensitivity,0.0,362.0,0.0,1.0,high,high,86.0,86.0,False,True,2008-04-06,2008-04-06,http://www.freudenberg.com/,http://www.freudenberg.de/,,freudenberg.de,21,FREUDENBERG GROUP,pre_pre_event,B05,data/interim/full_sample_rescue/rescue_comparison_decisions_B05.csv,2026-09-24T07:23:19.940369+00:00,accepted_B05
replace_with_rescue,rescue_german_eligible_forced_sensitivity_scope,False,True,False,True,exclude,include,excluded,sensitivity,0.0,12030.0,0.0,24.0,,high,,16.0,False,True,,2024-06-15,,https://corporate.stihl.de/de,,stihl.de,22,ANDREAS STIHL AG & CO. KG,post_event,B05,data/interim/full_sample_rescue/rescue_comparison_decisions_B05.csv,2026-09-24T07:23:19.940369+00:00,accepted_B05
replace_with_rescue,rescue_german_eligible_forced_sensitivity_scope,False,True,False,True,exclude,include,excluded,sensitivity,0.0,11936.0,0.0,23.0,,high,,78.0,False,True,,2026-04-14,,https://corporate.stihl.de/de,,stihl.de,22,ANDREAS STIHL AG & CO. KG,post_post_event,B05,data/interim/full_sample_rescue/rescue_comparison_decisions_B05.csv,2026-09-24T07:23:19.940369+00:00,accepted_B05
replace_with_rescue,rescue_german_eligible_forced_sensitivity_scope,False,True,True,True,include,include,sensitivity,sensitivity,0.0,5590.0,0.0,23.0,low,high,319.0,24.0,False,True,2019-08-17,2020-06-07,https://www.stihl.com/,https://www.stihl.de/,,stihl.de,22,ANDREAS STIHL AG & CO. KG,pre_event,B05,data/interim/full_sample_rescue/rescue_comparison_decisions_B05.csv,2026-09-24T07:23:19.940369+00:00,accepted_B05
replace_with_rescue,rescue_german_eligible_forced_sensitivity_scope,False,True,True,True,include,include,sensitivity,sensitivity,0.0,3353.0,0.0,19.0,high,high,0.0,8.0,False,True,2018-07-01,2018-06-23,https://www.stihl.com/,https://www.stihl.de/,,stihl.de,22,ANDREAS STIHL AG & CO. KG,pre_pre_event,B05,data/interim/full_sample_rescue/rescue_comparison_decisions_B05.csv,2026-09-24T07:23:19.940369+00:00,accepted_B05
replace_with_rescue,rescue_provides_german_where_original_lacked,False,True,True,True,include,include,sensitivity,primary,0.0,15761.0,0.0,15.0,high,high,3.0,64.0,False,False,2020-06-28,2020-09-03,https://www.vaillant-group.com/,https://www.vaillant-group.com/de/,,vaillant-group.com,23,VAILLANT GROUP,post_event,B04,data/interim/full_sample_rescue/rescue_comparison_decisions_B04.csv,2026-09-24T07:23:19.939071+00:00,accepted_B04
replace_with_rescue,rescue_provides_german_where_original_lacked,False,True,True,True,include,include,sensitivity,primary,0.0,10574.0,0.0,11.0,high,high,5.0,0.0,False,False,2022-06-26,2022-07-01,https://www.vaillant-group.com/,https://www.vaillant-group.com/de/,,vaillant-group.com,23,VAILLANT GROUP,post_post_event,B04,data/interim/full_sample_rescue/rescue_comparison_decisions_B04.csv,2026-09-24T07:23:19.939071+00:00,accepted_B04
replace_with_rescue,rescue_provides_german_where_original_lacked,False,True,True,True,include,include,sensitivity,primary,0.0,11709.0,0.0,19.0,high,high,14.0,14.0,False,False,2016-06-17,2016-07-15,http://www.vaillant-group.com/,http://www.vaillant-group.com/index.de_de.html,,vaillant-group.com,23,VAILLANT GROUP,pre_event,B04,data/interim/full_sample_rescue/rescue_comparison_decisions_B04.csv,2026-09-24T07:23:19.939071+00:00,accepted_B04
add_as_sensitivity_alternative,migration_or_distance_sensitivity_keep_original,True,True,True,True,include,sensitivity_analysis,primary,sensitivity,2812.0,10812.0,7.0,18.0,high,very_low,63.0,506.0,False,True,2014-09-02,2015-11-19,http://www.vaillant-group.com/,http://www.vaillant-group.com/index.de_de.html,,vaillant-group.com,23,VAILLANT GROUP,pre_pre_event,B04,data/interim/full_sample_rescue/rescue_comparison_decisions_B04.csv,2026-09-24T07:23:19.939071+00:00,accepted_B04
add_as_sensitivity_alternative,entity_change_accepted_as_sensitivity,False,True,False,True,sensitivity_analysis,include,excluded,sensitivity,0.0,15642.0,0.0,21.0,high,high,21.0,1.0,True,True,2023-06-10,2023-07-02,https://viessmann.com/,https://www.viessmann.family/,,viessmann.family,24,VIESSMANN CLIMATE SOLUTIONS / VIESSMANN GROUP,event,B05,data/interim/full_sample_rescue/rescue_comparison_decisions_B05.csv,2026-09-24T07:23:19.940369+00:00,accepted_B05
add_as_sensitivity_alternative,entity_change_accepted_as_sensitivity,False,True,True,True,include,include,sensitivity,sensitivity,88.0,13008.0,1.0,21.0,high,high,11.0,6.0,True,True,2025-06-20,2025-06-25,https://viessmann.com/,https://www.viessmann.family/,,viessmann.family,24,VIESSMANN CLIMATE SOLUTIONS / VIESSMANN GROUP,post_event,B05,data/interim/full_sample_rescue/rescue_comparison_decisions_B05.csv,2026-09-24T07:23:19.940369+00:00,accepted_B05
remain_unavailable,rescue_outside_tolerance_or_not_found,False,False,False,False,exclude,,excluded,excluded,0.0,0.0,0.0,0.0,,,,,True,False,,,,,,,24,VIESSMANN CLIMATE SOLUTIONS / VIESSMANN GROUP,post_post_event,B05,data/interim/full_sample_rescue/rescue_comparison_decisions_B05.csv,2026-09-24T07:23:19.940369+00:00,accepted_B05
retain_original,no_german_gain,False,False,False,True,sensitivity_analysis,include,excluded,sensitivity,0.0,0.0,0.0,0.0,low,high,288.0,7.0,True,False,2020-09-16,2021-07-08,http://info@viessmann.com/,https://www.viessmann.family/,,viessmann.family,24,VIESSMANN CLIMATE SOLUTIONS / VIESSMANN GROUP,pre_event,B05,data/interim/full_sample_rescue/rescue_comparison_decisions_B05.csv,2026-09-24T07:23:19.940369+00:00,accepted_B05
retain_original,no_german_gain,False,False,False,True,exclude_duplicate_capture,sensitivity_analysis,excluded,sensitivity,0.0,0.0,0.0,0.0,very_low,very_low,443.0,446.0,True,True,2020-09-16,2020-09-19,http://info@viessmann.com/,https://www.viessmann.family/,,viessmann.family,24,VIESSMANN CLIMATE SOLUTIONS / VIESSMANN GROUP,pre_pre_event,B05,data/interim/full_sample_rescue/rescue_comparison_decisions_B05.csv,2026-09-24T07:23:19.940369+00:00,accepted_B05
replace_with_rescue,rescue_provides_german_where_original_lacked,False,True,False,True,sensitivity_analysis,include,excluded,primary,0.0,10284.0,0.0,22.0,high,high,89.0,1.0,False,False,2021-04-03,2021-07-02,http://birkenstock.com/,https://www.birkenstock.com/de/,,birkenstock.com,25,BIRKENSTOCK GROUP,event,B04,data/interim/full_sample_rescue/rescue_comparison_decisions_B04.csv,2026-09-24T07:23:19.939071+00:00,accepted_B04
replace_with_rescue,rescue_provides_german_where_original_lacked,False,True,False,True,exclude,include,excluded,primary,0.0,1508.0,0.0,7.0,,high,,0.0,False,False,,2023-07-01,,https://www.birkenstock.com/de/,,birkenstock.com,25,BIRKENSTOCK GROUP,post_event,B04,data/interim/full_sample_rescue/rescue_comparison_decisions_B04.csv,2026-09-24T07:23:19.939071+00:00,accepted_B04
replace_with_rescue,rescue_provides_german_where_original_lacked,False,True,False,True,exclude,include,excluded,primary,0.0,4356.0,0.0,22.0,,high,,1.0,False,False,,2025-06-30,,https://www.birkenstock.com/de/,,birkenstock.com,25,BIRKENSTOCK GROUP,post_post_event,B04,data/interim/full_sample_rescue/rescue_comparison_decisions_B04.csv,2026-09-24T07:23:19.939071+00:00,accepted_B04
replace_with_rescue,better_german_branding_within_equal_or_better_temporal,True,True,True,True,include,include,primary,primary,6998.0,8407.0,22.0,22.0,high,high,7.0,0.0,False,False,2019-06-24,2019-07-01,https://www.birkenstock.com/,https://www.birkenstock.com/de/,,birkenstock.com,25,BIRKENSTOCK GROUP,pre_event,B04,data/interim/full_sample_rescue/rescue_comparison_decisions_B04.csv,2026-09-24T07:23:19.939071+00:00,accepted_B04
replace_with_rescue,better_german_branding_within_equal_or_better_temporal,True,True,True,True,include,include,primary,primary,8619.0,10473.0,21.0,23.0,high,high,0.0,0.0,False,False,2017-07-01,2017-07-01,http://www.birkenstock.com/,https://www.birkenstock.com/de/,,birkenstock.com,25,BIRKENSTOCK GROUP,pre_pre_event,B04,data/interim/full_sample_rescue/rescue_comparison_decisions_B04.csv,2026-09-24T07:23:19.939071+00:00,accepted_B04
replace_with_rescue,rescue_provides_german_where_original_lacked,False,True,False,True,exclude,sensitivity_analysis,excluded,sensitivity,0.0,6072.0,0.0,18.0,,high,,15.0,False,False,,2012-06-16,,http://www.douglas-holding.de/,,douglas-holding.de,27,DOUGLAS HOLDING / DOUGLAS GROUP,event,B06,data/interim/full_sample_rescue/rescue_comparison_decisions_B06.csv,2026-09-24T07:23:19.941691+00:00,accepted_B06
replace_with_rescue,rescue_provides_german_where_original_lacked,False,True,False,True,exclude,include,excluded,primary,0.0,2571.0,0.0,15.0,,moderate,,110.0,False,False,,2014-03-13,,http://www.douglas-holding.de/,,douglas-holding.de,27,DOUGLAS HOLDING / DOUGLAS GROUP,post_event,B06,data/interim/full_sample_rescue/rescue_comparison_decisions_B06.csv,2026-09-24T07:23:19.941691+00:00,accepted_B06
add_as_sensitivity_alternative,forced_sensitivity_treatment,True,True,True,True,sensitivity_analysis,sensitivity_analysis,sensitivity,sensitivity,3557.0,782.0,17.0,4.0,very_low,very_low,391.0,416.0,False,True,2017-07-27,2015-05-12,https://www.douglas.de/,http://www.douglas-holding.com/,,douglas-holding.com,27,DOUGLAS HOLDING / DOUGLAS GROUP,post_post_event,B06,data/interim/full_sample_rescue/rescue_comparison_decisions_B06.csv,2026-09-24T07:23:19.941691+00:00,accepted_B06
replace_with_rescue,rescue_provides_german_where_original_lacked,False,True,False,True,sensitivity_analysis,include,excluded,primary,64.0,5488.0,1.0,16.0,very_low,high,501.0,3.0,False,False,2009-02-15,2010-07-04,http://douglas.de/,http://www.douglas-holding.de/,,douglas-holding.de,27,DOUGLAS HOLDING / DOUGLAS GROUP,pre_event,B06,data/interim/full_sample_rescue/rescue_comparison_decisions_B06.csv,2026-09-24T07:23:19.941691+00:00,accepted_B06
rejected_insufficient_text,no_branding_pages,False,False,False,False,include,include,excluded,excluded,0.0,0.0,0.0,0.0,high,high,0.0,74.0,False,False,2008-07-01,2008-09-13,http://www.douglas.de/,http://www.douglas-holding.de/,,douglas-holding.de,27,DOUGLAS HOLDING / DOUGLAS GROUP,pre_pre_event,B06,data/interim/full_sample_rescue/rescue_comparison_decisions_B06.csv,2026-09-24T07:23:19.941691+00:00,accepted_B06
manual_review_required,entity_change_comparability,True,True,True,True,sensitivity_analysis,sensitivity_analysis,sensitivity,sensitivity,4444.0,17272.0,14.0,24.0,very_low,high,385.0,52.0,True,True,2024-07-20,2023-05-10,https://www.oetker-gruppe.de/,https://www.oetker.com/de/ueber-uns/wer-wir-sind,,oetker.com,30,DR. AUGUST OETKER KG / OETKER-GRUPPE,post_event,B06,data/interim/full_sample_rescue/rescue_comparison_decisions_B06.csv,2026-09-24T07:23:19.941691+00:00,accepted_B06
manual_review_required,entity_change_comparability,True,True,True,True,sensitivity_analysis,sensitivity_analysis,sensitivity,sensitivity,5479.0,17296.0,17.0,24.0,low,high,233.0,7.0,True,True,2024-11-10,2025-07-08,https://www.oetker-gruppe.de/,https://www.oetker.com/de/ueber-uns/wer-wir-sind,,oetker.com,30,DR. AUGUST OETKER KG / OETKER-GRUPPE,post_post_event,B06,data/interim/full_sample_rescue/rescue_comparison_decisions_B06.csv,2026-09-24T07:23:19.941691+00:00,accepted_B06
add_as_sensitivity_alternative,entity_change_accepted_as_sensitivity,False,True,False,True,exclude,sensitivity_analysis,excluded,sensitivity,0.0,5403.0,0.0,17.0,,high,,23.0,True,True,,2019-07-24,,https://www.oetker.com/de/unternehmen/unternehmen,,oetker.com,30,DR. AUGUST OETKER KG / OETKER-GRUPPE,pre_event,B06,data/interim/full_sample_rescue/rescue_comparison_decisions_B06.csv,2026-09-24T07:23:19.941691+00:00,accepted_B06
remain_unavailable,rescue_outside_tolerance_or_not_found,False,False,False,False,exclude,,excluded,excluded,0.0,0.0,0.0,0.0,,,,,True,False,,,,,,,30,DR. AUGUST OETKER KG / OETKER-GRUPPE,pre_pre_event,B06,data/interim/full_sample_rescue/rescue_comparison_decisions_B06.csv,2026-09-24T07:23:19.941691+00:00,accepted_B06
replace_with_rescue,rescue_german_eligible_forced_sensitivity_scope,False,True,False,True,include,sensitivity_analysis,excluded,sensitivity,0.0,5069.0,0.0,17.0,high,very_low,12.0,441.0,False,True,2021-07-13,2020-04-16,https://www.dm.de/,https://dm.de/unternehmen/ueber-uns,,dm.de,8,DM-DROGERIE MARKT GMBH + CO. KG,post_event,DM_FINAL,data/interim/full_sample_rescue_dm/decisions_backup/dm_final_rescue_comparison_decisions.csv,2026-10-03T21:25:20.535679+00:00,accepted_DM_FINAL
retain_original,rescue_not_selected_keep_original_structure,False,False,False,False,include,,excluded,excluded,0.0,0.0,0.0,0.0,high,,0.0,,False,False,2023-07-01,,https://www.dm.de/,,,,8,DM-DROGERIE MARKT GMBH + CO. KG,post_post_event,DM_FINAL,data/interim/full_sample_rescue_dm/decisions_backup/dm_final_rescue_comparison_decisions.csv,2026-10-03T21:25:20.535679+00:00,accepted_DM_FINAL
