rescue_decision,rescue_decision_reason,original_german_text_eligible,rescue_german_text_eligible,original_text_analysis_eligible,rescue_text_analysis_eligible,original_observation_recommendation,rescue_observation_recommendation,original_primary_or_sensitivity,rescue_primary_or_sensitivity,original_branding_tokens_de,rescue_branding_tokens_de,original_branding_pages_de,rescue_branding_pages_de,original_temporal_fit_quality,rescue_temporal_fit_quality,original_temporal_distance_days,rescue_temporal_distance_days,entity_change_flag,forced_sensitivity_treatment,original_selected_capture,rescue_selected_capture,original_seed_url,rescue_seed_url,original_domain,rescue_domain,firm_id,company,relative_timepoint
retain_original,rescue_not_better_german_evidence,True,True,True,True,include,include,primary,primary,2457.0,1485.0,9.0,6.0,moderate,high,96.0,74.0,False,False,2008-03-27,2008-09-13,http://msf-technik.de/,http://www.msf-technik.de/UEber-uns.9.0.html,,msf-technik.de,5,MSF-VATHAUER ANTRIEBSTECHNIK GMBH & CO. KG,post_event
add_as_sensitivity_alternative,rescue_weaker_temporal_fit,True,True,True,True,include,include,primary,primary,2698.0,3394.0,8.0,11.0,high,low,13.0,225.0,False,False,2010-06-18,2009-11-18,http://www.msf-technik.de/,http://www.msf-technik.de/UEber-uns.9.0.html,,msf-technik.de,5,MSF-VATHAUER ANTRIEBSTECHNIK GMBH & CO. KG,post_post_event
replace_with_rescue,rescue_provides_german_where_original_lacked,False,True,False,True,exclude_duplicate_capture,sensitivity_analysis,excluded,sensitivity,0.0,175.0,0.0,1.0,very_low,high,435.0,20.0,False,False,2005-09-09,2004-06-11,http://www.msf-technik.de/,http://www.msf-technik.de/frames/ueber-uns.shtml,,msf-technik.de,5,MSF-VATHAUER ANTRIEBSTECHNIK GMBH & CO. KG,pre_event
replace_with_rescue,rescue_provides_german_where_original_lacked,False,True,False,True,include,sensitivity_analysis,excluded,sensitivity,0.0,175.0,0.0,1.0,low,moderate,343.0,149.0,False,False,2001-07-23,2002-11-27,http://www.msf-technik.de/,http://www.msf-technik.de/frames/ueber-uns.shtml,,msf-technik.de,5,MSF-VATHAUER ANTRIEBSTECHNIK GMBH & CO. KG,pre_pre_event
replace_with_rescue,rescue_provides_german_where_original_lacked,False,True,False,True,exclude,sensitivity_analysis,excluded,sensitivity,0.0,6072.0,0.0,18.0,,high,,15.0,False,False,,2012-06-16,,http://www.douglas-holding.de/,,douglas-holding.de,27,DOUGLAS HOLDING / DOUGLAS GROUP,event
replace_with_rescue,rescue_provides_german_where_original_lacked,False,True,False,True,exclude,include,excluded,primary,0.0,2571.0,0.0,15.0,,moderate,,110.0,False,False,,2014-03-13,,http://www.douglas-holding.de/,,douglas-holding.de,27,DOUGLAS HOLDING / DOUGLAS GROUP,post_event
add_as_sensitivity_alternative,forced_sensitivity_treatment,True,True,True,True,sensitivity_analysis,sensitivity_analysis,sensitivity,sensitivity,3557.0,782.0,17.0,4.0,very_low,very_low,391.0,416.0,False,True,2017-07-27,2015-05-12,https://www.douglas.de/,http://www.douglas-holding.com/,,douglas-holding.com,27,DOUGLAS HOLDING / DOUGLAS GROUP,post_post_event
replace_with_rescue,rescue_provides_german_where_original_lacked,False,True,False,True,sensitivity_analysis,include,excluded,primary,64.0,5488.0,1.0,16.0,very_low,high,501.0,3.0,False,False,2009-02-15,2010-07-04,http://douglas.de/,http://www.douglas-holding.de/,,douglas-holding.de,27,DOUGLAS HOLDING / DOUGLAS GROUP,pre_event
rejected_insufficient_text,no_branding_pages,False,False,False,False,include,include,excluded,excluded,0.0,0.0,0.0,0.0,high,high,0.0,74.0,False,False,2008-07-01,2008-09-13,http://www.douglas.de/,http://www.douglas-holding.de/,,douglas-holding.de,27,DOUGLAS HOLDING / DOUGLAS GROUP,pre_pre_event
manual_review_required,entity_change_comparability,True,True,True,True,sensitivity_analysis,sensitivity_analysis,sensitivity,sensitivity,4444.0,17272.0,14.0,24.0,very_low,high,385.0,52.0,True,True,2024-07-20,2023-05-10,https://www.oetker-gruppe.de/,https://www.oetker.com/de/ueber-uns/wer-wir-sind,,oetker.com,30,DR. AUGUST OETKER KG / OETKER-GRUPPE,post_event
manual_review_required,entity_change_comparability,True,True,True,True,sensitivity_analysis,sensitivity_analysis,sensitivity,sensitivity,5479.0,17296.0,17.0,24.0,low,high,233.0,7.0,True,True,2024-11-10,2025-07-08,https://www.oetker-gruppe.de/,https://www.oetker.com/de/ueber-uns/wer-wir-sind,,oetker.com,30,DR. AUGUST OETKER KG / OETKER-GRUPPE,post_post_event
add_as_sensitivity_alternative,entity_change_accepted_as_sensitivity,False,True,False,True,exclude,sensitivity_analysis,excluded,sensitivity,0.0,5403.0,0.0,17.0,,high,,23.0,True,True,,2019-07-24,,https://www.oetker.com/de/unternehmen/unternehmen,,oetker.com,30,DR. AUGUST OETKER KG / OETKER-GRUPPE,pre_event
remain_unavailable,rescue_outside_tolerance_or_not_found,False,False,False,False,exclude,,excluded,excluded,0.0,0.0,0.0,0.0,,,,,True,False,,,,,,,30,DR. AUGUST OETKER KG / OETKER-GRUPPE,pre_pre_event
