firm_id,relative_timepoint,target_date,source_row_id,original_configured_seed,candidate_seed_url,normalized_seed,selected_domain,historical_domain_flag,locale_path_flag,migration_flag,entity_change_flag,candidate_priority,candidate_type,archive_evidence,n_captures,snapshot_status,capture_timestamp,capture_url,capture_distance,temporal_fit_classification,selected_capture_date,temporal_distance_days,selection_reason,failure_reason,canonical_original_url,discovery_decision,rejection_reason
14,pre_pre_event,2015-07-01,10,https://www.claas.com/,http://www.claas-gruppe.com/,http://www.claas-gruppe.com/,claas-gruppe.com,True,False,False,False,1,historical_domain,German corporate root captured annually 2015-2024,269,selected,20150624111706,http://www.claas-gruppe.com/,7,,2015-06-24,7,closest_within_548d_earlier_homepage,,http://www.claas-gruppe.com/,selected,
14,pre_event,2017-07-01,10,https://www.claas.com/,http://www.claas-gruppe.com/,http://www.claas-gruppe.com/,claas-gruppe.com,True,False,False,False,1,historical_domain,German corporate root captured annually 2015-2024,269,selected,20170707063719,http://www.claas-gruppe.com/,6,,2017-07-07,6,closest_within_548d_later_homepage,,http://www.claas-gruppe.com/,selected,
14,event,2019-07-01,10,https://www.claas.com/,http://www.claas-gruppe.com/,http://www.claas-gruppe.com/,claas-gruppe.com,True,False,False,False,1,historical_domain,German corporate root captured annually 2015-2024,269,selected,20190716022107,https://www.claas-gruppe.com/,15,,2019-07-16,15,closest_within_548d_later_homepage,,https://www.claas-gruppe.com/,selected,
14,post_event,2021-07-01,10,https://www.claas.com/,http://www.claas-gruppe.com/,http://www.claas-gruppe.com/,claas-gruppe.com,True,False,False,False,1,historical_domain,German corporate root captured annually 2015-2024,269,selected,20210701104556,http://www.claas-gruppe.com/,0,,2021-07-01,0,exact_date_match_homepage,,http://www.claas-gruppe.com/,selected,
14,post_post_event,2023-07-01,10,https://www.claas.com/,http://www.claas-gruppe.com/,http://www.claas-gruppe.com/,claas-gruppe.com,True,False,False,False,1,historical_domain,German corporate root captured annually 2015-2024,269,selected,20230704073533,https://www.claas-gruppe.com/,3,,2023-07-04,3,closest_within_548d_later_homepage,,https://www.claas-gruppe.com/,selected,
15,pre_pre_event,2013-07-01,12,https://www.faber-castell.com/,https://www.faber-castell.de/,https://www.faber-castell.de/,faber-castell.de,False,True,False,False,1,corporate_root_alias,German root captured annually 2013-2022,641,selected,20130630131120,http://www.faber-castell.de/,1,,2013-06-30,1,closest_within_548d_earlier_homepage,,http://www.faber-castell.de/,selected,
15,pre_event,2015-07-01,12,https://www.faber-castell.com/,https://www.faber-castell.de/,https://www.faber-castell.de/,faber-castell.de,False,True,False,False,1,corporate_root_alias,German root captured annually 2013-2022,641,selected,20150629012847,http://www.faber-castell.de/,2,,2015-06-29,2,closest_within_548d_earlier_homepage,,http://www.faber-castell.de/,selected,
15,event,2017-07-01,12,https://www.faber-castell.com/,https://www.faber-castell.de/,https://www.faber-castell.de/,faber-castell.de,False,True,False,False,1,corporate_root_alias,German root captured annually 2013-2022,641,selected,20170603221218,https://www.faber-castell.de/,28,,2017-06-03,28,closest_within_548d_earlier_homepage,,https://www.faber-castell.de/,selected,
15,post_event,2019-07-01,12,https://www.faber-castell.com/,https://www.faber-castell.de/,https://www.faber-castell.de/,faber-castell.de,False,True,False,False,1,corporate_root_alias,German root captured annually 2013-2022,641,selected,20190625095359,https://www.faber-castell.de/,6,,2019-06-25,6,closest_within_548d_earlier_homepage,,https://www.faber-castell.de/,selected,
15,post_post_event,2021-07-01,12,https://www.faber-castell.com/,https://www.faber-castell.de/,https://www.faber-castell.de/,faber-castell.de,False,True,False,False,1,corporate_root_alias,German root captured annually 2013-2022,641,selected,20210624222513,https://www.faber-castell.de/,7,,2021-06-24,7,closest_within_548d_earlier_homepage,,https://www.faber-castell.de/,selected,
16,pre_pre_event,2016-07-01,13,https://www.henkel.com/,https://www.henkel.de/,https://www.henkel.de/,henkel.de,False,True,False,False,1,corporate_root_alias,German root captured annually 2016-2023,1535,selected,20160703113103,http://www.henkel.de/,2,,2016-07-03,2,closest_within_548d_later_homepage,,http://www.henkel.de/,selected,
16,pre_event,2018-07-01,13,https://www.henkel.com/,https://www.henkel.de/,https://www.henkel.de/,henkel.de,False,True,False,False,1,corporate_root_alias,German root captured annually 2016-2023,1535,selected,20180625122911,https://www.henkel.de/,6,,2018-06-25,6,closest_within_548d_earlier_homepage,,https://www.henkel.de/,selected,
16,event,2020-07-01,13,https://www.henkel.com/,https://www.henkel.de/,https://www.henkel.de/,henkel.de,False,True,False,False,1,corporate_root_alias,German root captured annually 2016-2023,1535,selected,20200630112845,https://www.henkel.de/,1,,2020-06-30,1,closest_within_548d_earlier_homepage,,https://www.henkel.de/,selected,
16,post_event,2022-07-01,13,https://www.henkel.com/,https://www.henkel.de/,https://www.henkel.de/,henkel.de,False,True,False,False,1,corporate_root_alias,German root captured annually 2016-2023,1535,selected,20220701113824,https://www.henkel.de/,0,,2022-07-01,0,exact_date_match_homepage,,https://www.henkel.de/,selected,
16,post_post_event,2024-07-01,13,https://www.henkel.com/,https://www.henkel.de/,https://www.henkel.de/,henkel.de,False,True,False,False,1,corporate_root_alias,German root captured annually 2016-2023,1535,selected,20240701021813,https://www.henkel.de/,0,,2024-07-01,0,exact_date_match_homepage,,https://www.henkel.de/,selected,
17,pre_pre_event,2017-07-01,14,https://www.merckgroup.com/,https://www.merckgroup.com/de,https://www.merckgroup.com/de,merckgroup.com,False,True,False,False,1,other,German locale captured annually 2017-2026 except 2022,159,selected,20170801064041,https://www.merckgroup.com/de,31.0,,2017-08-01,31.0,closest_within_548d_later,,https://www.merckgroup.com/de,selected,
17,pre_event,2019-07-01,14,https://www.merckgroup.com/,https://www.merckgroup.com/de,https://www.merckgroup.com/de,merckgroup.com,False,True,False,False,1,other,German locale captured annually 2017-2026 except 2022,159,selected,20190719141851,https://www.merckgroup.com/de,18.0,,2019-07-19,18.0,closest_within_548d_later,,https://www.merckgroup.com/de,selected,
17,event,2021-07-01,14,https://www.merckgroup.com/,https://www.merckgroup.com/de,https://www.merckgroup.com/de,merckgroup.com,False,True,False,False,1,other,German locale captured annually 2017-2026 except 2022,159,selected,20210609180252,https://www.merckgroup.com/de,22.0,,2021-06-09,22.0,closest_within_548d_earlier,,https://www.merckgroup.com/de,selected,
17,post_event,2023-07-01,14,https://www.merckgroup.com/,https://www.merckgroup.com/de,https://www.merckgroup.com/de,merckgroup.com,False,True,False,False,1,other,German locale captured annually 2017-2026 except 2022,159,selected,20230701160411,https://www.merckgroup.com/de,0.0,,2023-07-01,0.0,exact_date_match,,https://www.merckgroup.com/de,selected,
17,post_post_event,2025-07-01,14,https://www.merckgroup.com/,https://www.merckgroup.com/de,https://www.merckgroup.com/de,merckgroup.com,False,True,False,False,1,other,German locale captured annually 2017-2026 except 2022,159,selected,20250806204111,https://www.merckgroup.com/de,36.0,,2025-08-06,36.0,closest_within_548d_later,,https://www.merckgroup.com/de,selected,
18,pre_pre_event,2010-07-01,15,https://www.schaeffler.com/,http://www.schaeffler.de/content.schaeffler.de/de/index.jsp,http://www.schaeffler.de/content.schaeffler.de/de/index.jsp,schaeffler.de,True,True,False,False,1,archived_subpage_seed,Historical German homepage captured annually 2010-2019,323,selected,20100723011723,http://www.schaeffler.de/content.schaeffler.de/de/index.jsp,22.0,,2010-07-23,22.0,closest_within_548d_later,,http://www.schaeffler.de/content.schaeffler.de/de/index.jsp,selected,
18,pre_event,2012-07-01,15,https://www.schaeffler.com/,http://www.schaeffler.de/content.schaeffler.de/de/index.jsp,http://www.schaeffler.de/content.schaeffler.de/de/index.jsp,schaeffler.de,True,True,False,False,1,archived_subpage_seed,Historical German homepage captured annually 2010-2019,323,selected,20120709062345,http://www.schaeffler.de/content.schaeffler.de/de/index.jsp,8.0,,2012-07-09,8.0,closest_within_548d_later,,http://www.schaeffler.de/content.schaeffler.de/de/index.jsp,selected,
18,event,2014-07-01,15,https://www.schaeffler.com/,http://www.schaeffler.de/content.schaeffler.de/de/index.jsp,http://www.schaeffler.de/content.schaeffler.de/de/index.jsp,schaeffler.de,True,True,False,False,1,archived_subpage_seed,Historical German homepage captured annually 2010-2019,323,selected,20140626163520,http://www.schaeffler.de/content.schaeffler.de/de/index.jsp,5.0,,2014-06-26,5.0,closest_within_548d_earlier,,http://www.schaeffler.de/content.schaeffler.de/de/index.jsp,selected,
18,post_event,2016-07-01,15,https://www.schaeffler.com/,http://www.schaeffler.de/content.schaeffler.de/de/index.jsp,http://www.schaeffler.de/content.schaeffler.de/de/index.jsp,schaeffler.de,True,True,False,False,1,archived_subpage_seed,Historical German homepage captured annually 2010-2019,323,selected,20160627103617,http://www.schaeffler.de/content.schaeffler.de/de/index.jsp,4.0,,2016-06-27,4.0,closest_within_548d_earlier,,http://www.schaeffler.de/content.schaeffler.de/de/index.jsp,selected,
18,post_post_event,2018-07-01,15,https://www.schaeffler.com/,http://www.schaeffler.de/content.schaeffler.de/de/index.jsp,http://www.schaeffler.de/content.schaeffler.de/de/index.jsp,schaeffler.de,True,True,False,False,1,archived_subpage_seed,Historical German homepage captured annually 2010-2019,323,selected,20180722050121,https://www.schaeffler.de/content.schaeffler.de/de/index.jsp,21.0,,2018-07-22,21.0,closest_within_548d_later,,https://www.schaeffler.de/content.schaeffler.de/de/index.jsp,selected,
19,pre_pre_event,2009-07-01,16,https://www.heraeus-group.com/,http://heraeus.com/de/home/default.aspx,http://www.heraeus.com/de/home/default.aspx,heraeus.com,True,True,False,False,1,locale_path,German homepage captured in 2012; related German paths captured in 2010,4,beyond_tolerance,,,,,,,no_capture_within_tolerance,nearest_capture_exceeds_548_days,,rejected,nearest_capture_exceeds_548_days
19,pre_event,2011-07-01,16,https://www.heraeus-group.com/,http://heraeus.com/de/home/default.aspx,http://heraeus.com/de/home/default.aspx,heraeus.com,True,True,False,False,1,locale_path,German homepage captured in 2012; related German paths captured in 2010,4,selected,20120825140213,http://heraeus.com/de/home/default.aspx,421.0,,2012-08-25,421.0,closest_within_548d_later,,http://heraeus.com/de/home/default.aspx,selected,
19,post_event,2015-07-01,17,https://www.heraeus-group.com/,https://www.heraeus.com/de/group/home/home.aspx,https://www.heraeus.com/de/group/home/home.aspx,heraeus.com,True,True,True,False,1,historical_domain,German corporate homepage captured annually 2015-2018,138,selected,20151205105724,https://www.heraeus.com/de/group/home/home.aspx,157.0,,2015-12-05,157.0,closest_within_548d_later,,https://www.heraeus.com/de/group/home/home.aspx,selected,
19,post_post_event,2017-07-01,17,https://www.heraeus-group.com/,https://www.heraeus.com/de/group/home/home.aspx,https://www.heraeus.com/de/group/home/home.aspx,heraeus.com,True,True,True,False,1,historical_domain,German corporate homepage captured annually 2015-2018,138,selected,20170703173749,https://www.heraeus.com/de/group/home/home.aspx,2.0,,2017-07-03,2.0,closest_within_548d_later,,https://www.heraeus.com/de/group/home/home.aspx,selected,
19,pre_pre_event,2009-07-01,16,https://www.heraeus-group.com/,http://heraeus.com/de/home/default.aspx,http://www.heraeus.com/de/home/default.aspx,heraeus.com,True,True,False,False,1,locale_path,German homepage captured in 2012; related German paths captured in 2010,4,beyond_tolerance,,,,,,,no_capture_within_tolerance,nearest_capture_exceeds_548_days,,rejected,nearest_capture_exceeds_548_days
19,pre_pre_event,2009-07-01,16,https://www.heraeus-group.com/,http://heraeus.com/de/home/default.aspx,http://www.heraeus.com/de/home/default.aspx/,heraeus.com,True,True,False,False,1,locale_path,German homepage captured in 2012; related German paths captured in 2010,4,beyond_tolerance,,,,,,,no_capture_within_tolerance,nearest_capture_exceeds_548_days,,rejected,nearest_capture_exceeds_548_days
19,pre_pre_event,2009-07-01,16,https://www.heraeus-group.com/,http://heraeus.com/de/home/default.aspx,http://heraeus.com/de/home/default.aspx/,heraeus.com,True,True,False,False,1,locale_path,German homepage captured in 2012; related German paths captured in 2010,4,beyond_tolerance,,,,,,,no_capture_within_tolerance,nearest_capture_exceeds_548_days,,rejected,nearest_capture_exceeds_548_days
19,pre_pre_event,2009-07-01,16,https://www.heraeus-group.com/,http://heraeus.com/de/home/default.aspx,http://www.heraeus.com/de/home/default.aspx/,heraeus.com,True,True,False,False,1,locale_path,German homepage captured in 2012; related German paths captured in 2010,4,beyond_tolerance,,,,,,,no_capture_within_tolerance,nearest_capture_exceeds_548_days,,rejected,nearest_capture_exceeds_548_days
20,pre_pre_event,2018-07-01,18,https://www.bahlsen.com/,https://www.thebahlsenfamily.com/de/,https://www.thebahlsenfamily.com/de/,thebahlsenfamily.com,True,True,False,False,1,locale_path,German family/corporate site captured annually from 2019 through 2025,52,selected,20190530072058,https://www.thebahlsenfamily.com/de,333,,2019-05-30,333,closest_within_548d_later,,https://www.thebahlsenfamily.com/de,selected,
20,pre_event,2020-07-01,18,https://www.bahlsen.com/,https://www.thebahlsenfamily.com/de/,https://www.thebahlsenfamily.com/de/,thebahlsenfamily.com,True,True,False,False,1,locale_path,German family/corporate site captured annually from 2019 through 2025,52,selected,20200812232704,https://www.thebahlsenfamily.com/de,42,,2020-08-12,42,closest_within_548d_later,,https://www.thebahlsenfamily.com/de,selected,
20,event,2022-07-01,18,https://www.bahlsen.com/,https://www.thebahlsenfamily.com/de/,https://www.thebahlsenfamily.com/de/,thebahlsenfamily.com,True,True,False,False,1,locale_path,German family/corporate site captured annually from 2019 through 2025,52,selected,20220625071846,https://www.thebahlsenfamily.com/de,6,,2022-06-25,6,closest_within_548d_earlier,,https://www.thebahlsenfamily.com/de,selected,
20,post_event,2024-07-01,18,https://www.bahlsen.com/,https://www.thebahlsenfamily.com/de/,https://www.thebahlsenfamily.com/de/,thebahlsenfamily.com,True,True,False,False,1,locale_path,German family/corporate site captured annually from 2019 through 2025,52,selected,20240705065944,https://www.thebahlsenfamily.com/de,4,,2024-07-05,4,closest_within_548d_later,,https://www.thebahlsenfamily.com/de,selected,
20,post_post_event,2026-07-01,18,https://www.bahlsen.com/,https://www.thebahlsenfamily.com/de/,https://www.thebahlsenfamily.com/de/,thebahlsenfamily.com,True,True,False,False,1,locale_path,German family/corporate site captured annually from 2019 through 2025,52,selected,20251206090208,https://www.thebahlsenfamily.com/de,207,,2025-12-06,207,closest_within_548d_earlier,,https://www.thebahlsenfamily.com/de,selected,
23,pre_pre_event,2014-07-01,25,https://www.vaillant-group.com/,http://www.vaillant-group.com/index.de_de.html,http://www.vaillant-group.com/index.de_de.html,vaillant-group.com,False,True,False,False,1,other,German homepage captured annually 2015-2018,11,selected,20151119090004,http://www.vaillant-group.com/index.de_de.html,506,,2015-11-19,506,closest_within_548d_later,,http://www.vaillant-group.com/index.de_de.html,selected,
23,pre_event,2016-07-01,25,https://www.vaillant-group.com/,http://www.vaillant-group.com/index.de_de.html,http://www.vaillant-group.com/index.de_de.html,vaillant-group.com,False,True,False,False,1,other,German homepage captured annually 2015-2018,11,selected,20160715150237,http://www.vaillant-group.com/index.de_de.html,14,,2016-07-15,14,closest_within_548d_later,,http://www.vaillant-group.com/index.de_de.html,selected,
23,post_event,2020-07-01,26,https://www.vaillant-group.com/,https://www.vaillant-group.com/de/,https://www.vaillant-group.com/de/,vaillant-group.com,False,True,False,False,1,locale_path,German locale captured annually 2019-2023,40,selected,20200903022719,https://www.vaillant-group.com/de,64,,2020-09-03,64,closest_within_548d_later,,https://www.vaillant-group.com/de,selected,
23,post_post_event,2022-07-01,26,https://www.vaillant-group.com/,https://www.vaillant-group.com/de/,https://www.vaillant-group.com/de/,vaillant-group.com,False,True,False,False,1,locale_path,German locale captured annually 2019-2023,40,selected,20220701024011,https://www.vaillant-group.com/de,0,,2022-07-01,0,exact_date_match,,https://www.vaillant-group.com/de,selected,
25,pre_pre_event,2017-07-01,29,https://www.birkenstock-group.com/,https://www.birkenstock.com/de/,https://www.birkenstock.com/de/,birkenstock.com,False,True,False,False,1,locale_path,German locale captured annually from 2017 through 2025,3822,selected,20170701215655,http://www.birkenstock.com/de,0,,2017-07-01,0,exact_date_match,,http://www.birkenstock.com/de,selected,
25,pre_event,2019-07-01,29,https://www.birkenstock-group.com/,https://www.birkenstock.com/de/,https://www.birkenstock.com/de/,birkenstock.com,False,True,False,False,1,locale_path,German locale captured annually from 2017 through 2025,3822,selected,20190701141932,https://www.birkenstock.com/de,0,,2019-07-01,0,exact_date_match,,https://www.birkenstock.com/de,selected,
25,event,2021-07-01,29,https://www.birkenstock-group.com/,https://www.birkenstock.com/de/,https://www.birkenstock.com/de/,birkenstock.com,False,True,False,False,1,locale_path,German locale captured annually from 2017 through 2025,3822,selected,20210702143730,https://www.birkenstock.com/de,1,,2021-07-02,1,closest_within_548d_later,,https://www.birkenstock.com/de,selected,
25,post_event,2023-07-01,29,https://www.birkenstock-group.com/,https://www.birkenstock.com/de/,https://www.birkenstock.com/de/,birkenstock.com,False,True,False,False,1,locale_path,German locale captured annually from 2017 through 2025,3822,selected,20230701184712,https://www.birkenstock.com/de,0,,2023-07-01,0,exact_date_match,,https://www.birkenstock.com/de,selected,
25,post_post_event,2025-07-01,29,https://www.birkenstock-group.com/,https://www.birkenstock.com/de/,https://www.birkenstock.com/de/,birkenstock.com,False,True,False,False,1,locale_path,German locale captured annually from 2017 through 2025,3822,selected,20250630135847,https://www.birkenstock.com/de,1,,2025-06-30,1,closest_within_548d_earlier,,https://www.birkenstock.com/de,selected,
21,pre_pre_event,2008-07-01,19.0,https://www.freudenberg.com/,http://www.freudenberg.de/,http://www.freudenberg.de/,freudenberg.de,False,True,False,False,1.0,corporate_root_alias,German root captured 2008-2011,61,selected,20080406050653,http://www.freudenberg.de/,86.0,,2008-04-06,86.0,closest_within_548d_earlier_homepage,,http://www.freudenberg.de/,selected,
21,pre_event,2010-07-01,19.0,https://www.freudenberg.com/,http://www.freudenberg.de/,http://www.freudenberg.de/,freudenberg.de,False,True,False,False,1.0,corporate_root_alias,German root captured 2008-2011,61,selected,20100706110658,http://www.freudenberg.de/,5.0,,2010-07-06,5.0,closest_within_548d_later_homepage,,http://www.freudenberg.de/,selected,
21,event,2012-07-01,,https://www.freudenberg.com/,,,,False,False,False,False,,,,0,not_found,,,,,,,no_rescue_alias,no_rescue_alias,,rejected,no_rescue_alias
21,post_event,2014-07-01,20.0,https://www.freudenberg.com/,https://www.freudenberg.com/de/,http://freudenberg.com/de/,freudenberg.com,False,True,False,False,1.0,locale_path,German locale captured in 2017,208,beyond_tolerance,,,,,,,no_capture_within_tolerance,nearest_capture_exceeds_548_days,,rejected,nearest_capture_exceeds_548_days
21,post_event,2014-07-01,21.0,https://www.freudenberg.com/,http://www.freudenberg.de/,http://freudenberg.de/,freudenberg.de,False,True,True,False,2.0,corporate_root_alias,German root captured again in 2017,61,beyond_tolerance,,,,,,,no_capture_within_tolerance,nearest_capture_exceeds_548_days,,rejected,nearest_capture_exceeds_548_days
21,post_post_event,2016-07-01,20.0,https://www.freudenberg.com/,https://www.freudenberg.com/de/,https://www.freudenberg.com/de/,freudenberg.com,False,True,False,False,1.0,locale_path,German locale captured in 2017,208,selected,20170714034858,https://www.freudenberg.com/de,378.0,,2017-07-14,378.0,closest_within_548d_later,,https://www.freudenberg.com/de,selected,
22,pre_pre_event,2018-07-01,22.0,https://www.stihl.com/,https://www.stihl.de/,https://www.stihl.de/,stihl.de,True,True,True,False,1.0,historical_domain,German root captured in 2018-2020,584,selected,20180623201951,https://www.stihl.de/,8.0,,2018-06-23,8.0,closest_within_548d_earlier_homepage,,https://www.stihl.de/,selected,
22,pre_event,2020-07-01,22.0,https://www.stihl.com/,https://www.stihl.de/,https://www.stihl.de/,stihl.de,True,True,True,False,1.0,historical_domain,German root captured in 2018-2020,584,selected,20200607024032,https://www.stihl.de/,24.0,,2020-06-07,24.0,closest_within_548d_earlier_homepage,,https://www.stihl.de/,selected,
22,event,2022-07-01,,https://www.stihl.com/,,,,False,False,False,False,,,,0,not_found,,,,,,,no_rescue_alias,no_rescue_alias,,rejected,no_rescue_alias
22,post_event,2024-07-01,24.0,https://www.stihl.com/,https://corporate.stihl.de/de,https://corporate.stihl.de/de,stihl.de,True,True,True,False,1.0,historical_domain,German corporate root captured annually 2022-2025,49,selected,20240615160920,https://corporate.stihl.de/de,16.0,,2024-06-15,16.0,closest_within_548d_earlier,,https://corporate.stihl.de/de,selected,
22,post_post_event,2026-07-01,24.0,https://www.stihl.com/,https://corporate.stihl.de/de,https://corporate.stihl.de/de,stihl.de,True,True,True,False,1.0,historical_domain,German corporate root captured annually 2022-2025,49,selected,20260414184608,https://corporate.stihl.de/de,78.0,,2026-04-14,78.0,closest_within_548d_earlier,,https://corporate.stihl.de/de,selected,
24,pre_pre_event,2019-07-01,27.0,https://www.viessmann.com/,https://www.viessmann.family/,https://www.viessmann.family/,viessmann.family,False,False,False,True,1.0,corporate_root_alias,German family-group site captured annually from 2020 through 2025,212,selected,20200919190812,https://www.viessmann.family/,446.0,,2020-09-19,446.0,closest_within_548d_later_homepage,,https://www.viessmann.family/,selected,
24,pre_event,2021-07-01,27.0,https://www.viessmann.com/,https://www.viessmann.family/,https://www.viessmann.family/,viessmann.family,False,False,False,True,1.0,corporate_root_alias,German family-group site captured annually from 2020 through 2025,212,selected,20210708220319,https://www.viessmann.family/,7.0,,2021-07-08,7.0,closest_within_548d_later_homepage,,https://www.viessmann.family/,selected,
24,event,2023-07-01,27.0,https://www.viessmann.com/,https://www.viessmann.family/,https://www.viessmann.family/,viessmann.family,False,False,False,True,1.0,corporate_root_alias,German family-group site captured annually from 2020 through 2025,212,selected,20230702182256,https://www.viessmann.family/,1.0,,2023-07-02,1.0,closest_within_548d_later_homepage,,https://www.viessmann.family/,selected,
24,post_event,2025-07-01,27.0,https://www.viessmann.com/,https://www.viessmann.family/,https://www.viessmann.family/,viessmann.family,False,False,False,True,1.0,corporate_root_alias,German family-group site captured annually from 2020 through 2025,212,selected,20250625084049,https://www.viessmann.family/,6.0,,2025-06-25,6.0,closest_within_548d_earlier_homepage,,https://www.viessmann.family/,selected,
21,event,2012-07-01,,https://www.freudenberg.com/,,,,False,False,False,False,,,,0,not_found,,,,,,,no_rescue_alias,no_rescue_alias,,rejected,no_rescue_alias
21,post_event,2014-07-01,20.0,https://www.freudenberg.com/,https://www.freudenberg.com/de/,http://freudenberg.com/de/,freudenberg.com,False,True,False,False,1.0,locale_path,German locale captured in 2017,208,beyond_tolerance,,,,,,,no_capture_within_tolerance,nearest_capture_exceeds_548_days,,rejected,nearest_capture_exceeds_548_days
21,post_event,2014-07-01,21.0,https://www.freudenberg.com/,http://www.freudenberg.de/,http://freudenberg.de/,freudenberg.de,False,True,True,False,2.0,corporate_root_alias,German root captured again in 2017,61,beyond_tolerance,,,,,,,no_capture_within_tolerance,nearest_capture_exceeds_548_days,,rejected,nearest_capture_exceeds_548_days
22,event,2022-07-01,,https://www.stihl.com/,,,,False,False,False,False,,,,0,not_found,,,,,,,no_rescue_alias,no_rescue_alias,,rejected,no_rescue_alias
21,event,2012-07-01,,https://www.freudenberg.com/,,,,False,False,False,False,,,,0,not_found,,,,,,,no_rescue_alias,no_rescue_alias,,rejected,no_rescue_alias
21,post_event,2014-07-01,20.0,https://www.freudenberg.com/,https://www.freudenberg.com/de/,http://www.freudenberg.com/de/,freudenberg.com,False,True,False,False,1.0,locale_path,German locale captured in 2017,208,beyond_tolerance,,,,,,,no_capture_within_tolerance,nearest_capture_exceeds_548_days,,rejected,nearest_capture_exceeds_548_days
21,post_event,2014-07-01,21.0,https://www.freudenberg.com/,http://www.freudenberg.de/,http://freudenberg.de/,freudenberg.de,False,True,True,False,2.0,corporate_root_alias,German root captured again in 2017,61,beyond_tolerance,,,,,,,no_capture_within_tolerance,nearest_capture_exceeds_548_days,,rejected,nearest_capture_exceeds_548_days
22,event,2022-07-01,,https://www.stihl.com/,,,,False,False,False,False,,,,0,not_found,,,,,,,no_rescue_alias,no_rescue_alias,,rejected,no_rescue_alias
21,event,2012-07-01,,https://www.freudenberg.com/,,,,False,False,False,False,,,,0,not_found,,,,,,,no_rescue_alias,no_rescue_alias,,rejected,no_rescue_alias
21,post_event,2014-07-01,20.0,https://www.freudenberg.com/,https://www.freudenberg.com/de/,http://freudenberg.com/de/,freudenberg.com,False,True,False,False,1.0,locale_path,German locale captured in 2017,208,beyond_tolerance,,,,,,,no_capture_within_tolerance,nearest_capture_exceeds_548_days,,rejected,nearest_capture_exceeds_548_days
21,post_event,2014-07-01,21.0,https://www.freudenberg.com/,http://www.freudenberg.de/,http://freudenberg.de/,freudenberg.de,False,True,True,False,2.0,corporate_root_alias,German root captured again in 2017,61,beyond_tolerance,,,,,,,no_capture_within_tolerance,nearest_capture_exceeds_548_days,,rejected,nearest_capture_exceeds_548_days
22,event,2022-07-01,,https://www.stihl.com/,,,,False,False,False,False,,,,0,not_found,,,,,,,no_rescue_alias,no_rescue_alias,,rejected,no_rescue_alias
5,pre_pre_event,2002-07-01,3.0,https://www.msf-technik.de/,http://www.msf-technik.de/frames/ueber-uns.shtml,http://www.msf-technik.de/frames/ueber-uns.shtml,msf-technik.de,False,True,False,False,1.0,about_page,German About page captured in 2003 with substantive company text,14,selected,20021127131300,http://www.msf-technik.de/frames/ueber-uns.shtml,149.0,,2002-11-27,149.0,closest_within_548d_later,,http://www.msf-technik.de/frames/ueber-uns.shtml,selected,
5,pre_event,2004-07-01,3.0,https://www.msf-technik.de/,http://www.msf-technik.de/frames/ueber-uns.shtml,http://www.msf-technik.de/frames/ueber-uns.shtml,msf-technik.de,False,True,False,False,1.0,about_page,German About page captured in 2003 with substantive company text,14,selected,20040611201410,http://www.msf-technik.de/frames/ueber-uns.shtml,20.0,,2004-06-11,20.0,closest_within_548d_earlier,,http://www.msf-technik.de/frames/ueber-uns.shtml,selected,
5,event,2006-01-01,,https://www.msf-technik.de/,,,,False,False,False,False,,,,0,not_found,,,,,,,no_rescue_alias,no_rescue_alias,,rejected,no_rescue_alias
5,post_event,2008-07-01,4.0,https://www.msf-technik.de/,http://www.msf-technik.de/UEber-uns.9.0.html,http://www.msf-technik.de/UEber-uns.9.0.html,msf-technik.de,False,True,False,False,1.0,other,German About page captured in May 2007 with substantive company text,7,selected,20080913060202,http://www.msf-technik.de/UEber-uns.9.0.html,74.0,,2008-09-13,74.0,closest_within_548d_later,,http://www.msf-technik.de/UEber-uns.9.0.html,selected,
5,post_post_event,2010-07-01,4.0,https://www.msf-technik.de/,http://www.msf-technik.de/UEber-uns.9.0.html,http://www.msf-technik.de/UEber-uns.9.0.html,msf-technik.de,False,True,False,False,1.0,other,German About page captured in May 2007 with substantive company text,7,selected,20091118195204,http://www.msf-technik.de/UEber-uns.9.0.html,225.0,,2009-11-18,225.0,closest_within_548d_earlier,,http://www.msf-technik.de/UEber-uns.9.0.html,selected,
27,pre_pre_event,2008-07-01,31.0,https://www.douglas.de/,http://www.douglas-holding.de/,http://www.douglas-holding.de/,douglas-holding.de,True,True,True,False,1.0,corporate_root_alias,Historical German holding root captured annually from 2008 through 2014,148,selected,20080913151623,http://www.douglas-holding.de/,74.0,,2008-09-13,74.0,closest_within_548d_later_homepage,,http://www.douglas-holding.de/,selected,
27,pre_event,2010-07-01,31.0,https://www.douglas.de/,http://www.douglas-holding.de/,http://www.douglas-holding.de/,douglas-holding.de,True,True,True,False,1.0,corporate_root_alias,Historical German holding root captured annually from 2008 through 2014,148,selected,20100704103411,http://www.douglas-holding.de/,3.0,,2010-07-04,3.0,closest_within_548d_later_homepage,,http://www.douglas-holding.de/,selected,
27,event,2012-07-01,31.0,https://www.douglas.de/,http://www.douglas-holding.de/,http://www.douglas-holding.de/,douglas-holding.de,True,True,True,False,1.0,corporate_root_alias,Historical German holding root captured annually from 2008 through 2014,148,selected,20120616032758,http://www.douglas-holding.de/,15.0,,2012-06-16,15.0,closest_within_548d_earlier_homepage,,http://www.douglas-holding.de/,selected,
27,post_event,2014-07-01,31.0,https://www.douglas.de/,http://www.douglas-holding.de/,http://www.douglas-holding.de/,douglas-holding.de,True,True,True,False,1.0,corporate_root_alias,Historical German holding root captured annually from 2008 through 2014,148,selected,20140313054235,http://douglas-holding.de/,110.0,,2014-03-13,110.0,closest_within_548d_earlier_homepage,,http://douglas-holding.de/,selected,
27,post_post_event,2016-07-01,31.0,https://www.douglas.de/,http://www.douglas-holding.de/,http://douglas-holding.de/,douglas-holding.de,True,True,True,False,1.0,corporate_root_alias,Historical German holding root captured annually from 2008 through 2014,148,beyond_tolerance,,,,,,,no_capture_within_tolerance,nearest_capture_exceeds_548_days,,rejected,nearest_capture_exceeds_548_days
27,post_post_event,2016-07-01,32.0,https://www.douglas.de/,http://www.douglas-holding.com/,http://www.douglas-holding.com/,douglas-holding.com,False,False,False,False,2.0,corporate_root_alias,Historical holding root captured annually from 2008 through 2015,132,selected,20150512033509,http://www.douglas-holding.com/,416.0,,2015-05-12,416.0,closest_within_548d_earlier_homepage,,http://www.douglas-holding.com/,selected,
30,pre_pre_event,2017-07-01,33.0,https://www.oetker-gruppe.de/,https://www.oetker.com/de/unternehmen/unternehmen,http://oetker.com/de/unternehmen/unternehmen,oetker.com,False,True,True,True,1.0,company_section,German company section captured in 2019; adjacent German history and sustainability pages captured through 2021,26,beyond_tolerance,,,,,,,no_capture_within_tolerance,nearest_capture_exceeds_548_days,,rejected,nearest_capture_exceeds_548_days
30,pre_event,2019-07-01,33.0,https://www.oetker-gruppe.de/,https://www.oetker.com/de/unternehmen/unternehmen,https://www.oetker.com/de/unternehmen/unternehmen,oetker.com,False,True,True,True,1.0,company_section,German company section captured in 2019; adjacent German history and sustainability pages captured through 2021,26,selected,20190724010420,https://www.oetker.com/de/unternehmen/unternehmen,23.0,,2019-07-24,23.0,closest_within_548d_later,,https://www.oetker.com/de/unternehmen/unternehmen,selected,
30,event,2021-07-01,,https://www.oetker-gruppe.de/,,,,False,False,False,False,,,,0,not_found,,,,,,,no_rescue_alias,no_rescue_alias,,rejected,no_rescue_alias
30,post_event,2023-07-01,34.0,https://www.oetker-gruppe.de/,https://www.oetker.com/de/ueber-uns/wer-wir-sind,https://www.oetker.com/de/ueber-uns/wer-wir-sind,oetker.com,False,True,False,True,1.0,about_page,German company section captured from 2022 onward,13,selected,20230510164416,https://www.oetker.com/de/ueber-uns/wer-wir-sind,52.0,,2023-05-10,52.0,closest_within_548d_earlier,,https://www.oetker.com/de/ueber-uns/wer-wir-sind,selected,
30,post_post_event,2025-07-01,34.0,https://www.oetker-gruppe.de/,https://www.oetker.com/de/ueber-uns/wer-wir-sind,https://www.oetker.com/de/ueber-uns/wer-wir-sind,oetker.com,False,True,False,True,1.0,about_page,German company section captured from 2022 onward,13,selected,20250708134731,https://www.oetker.com/de/ueber-uns/wer-wir-sind,7.0,,2025-07-08,7.0,closest_within_548d_later,,https://www.oetker.com/de/ueber-uns/wer-wir-sind,selected,
5,event,2006-01-01,,https://www.msf-technik.de/,,,,False,False,False,False,,,,0,not_found,,,,,,,no_rescue_alias,no_rescue_alias,,rejected,no_rescue_alias
30,pre_pre_event,2017-07-01,33.0,https://www.oetker-gruppe.de/,https://www.oetker.com/de/unternehmen/unternehmen,http://www.oetker.com/de/unternehmen/unternehmen/,oetker.com,False,True,True,True,1.0,company_section,German company section captured in 2019; adjacent German history and sustainability pages captured through 2021,26,beyond_tolerance,,,,,,,no_capture_within_tolerance,nearest_capture_exceeds_548_days,,rejected,nearest_capture_exceeds_548_days
30,event,2021-07-01,,https://www.oetker-gruppe.de/,,,,False,False,False,False,,,,0,not_found,,,,,,,no_rescue_alias,no_rescue_alias,,rejected,no_rescue_alias
5,event,2006-01-01,,https://www.msf-technik.de/,,,,False,False,False,False,,,,0,not_found,,,,,,,no_rescue_alias,no_rescue_alias,,rejected,no_rescue_alias
30,pre_pre_event,2017-07-01,33.0,https://www.oetker-gruppe.de/,https://www.oetker.com/de/unternehmen/unternehmen,http://oetker.com/de/unternehmen/unternehmen/,oetker.com,False,True,True,True,1.0,company_section,German company section captured in 2019; adjacent German history and sustainability pages captured through 2021,26,beyond_tolerance,,,,,,,no_capture_within_tolerance,nearest_capture_exceeds_548_days,,rejected,nearest_capture_exceeds_548_days
30,event,2021-07-01,,https://www.oetker-gruppe.de/,,,,False,False,False,False,,,,0,not_found,,,,,,,no_rescue_alias,no_rescue_alias,,rejected,no_rescue_alias
5,event,2006-01-01,,https://www.msf-technik.de/,,,,False,False,False,False,,,,0,not_found,,,,,,,no_rescue_alias,no_rescue_alias,,rejected,no_rescue_alias
30,pre_pre_event,2017-07-01,33.0,https://www.oetker-gruppe.de/,https://www.oetker.com/de/unternehmen/unternehmen,http://oetker.com/de/unternehmen/unternehmen,oetker.com,False,True,True,True,1.0,company_section,German company section captured in 2019; adjacent German history and sustainability pages captured through 2021,26,beyond_tolerance,,,,,,,no_capture_within_tolerance,nearest_capture_exceeds_548_days,,rejected,nearest_capture_exceeds_548_days
30,event,2021-07-01,,https://www.oetker-gruppe.de/,,,,False,False,False,False,,,,0,not_found,,,,,,,no_rescue_alias,no_rescue_alias,,rejected,no_rescue_alias
