run_id,firm_id,company,relative_timepoint,target_date,selected_capture_date,original_archived_url,wayback_replay_url,document_title,page_category,extracted_text,managing_directors_raw,legal_representatives_raw,legal_entity_raw,parent_company_raw,registered_address_raw,registration_number_raw,vat_id_raw,extraction_confidence,extraction_notes,governance_inclusion_reason,governance_rule_id,governance_evidence_type
508f1903-71e7-4aab-aba6-000fed4d8b7d,2,PETER-LACKE HOLDING GMBH,pre_pre_event,2011-07-01,2011-07-09,http://www.peter-lacke.de/deu/peter-lacke/unternehmen/unternehmensgruppe/unternehmensgruppe.html,https://web.archive.org/web/20110709094353.0id_/http://www.peter-lacke.de/deu/peter-lacke/unternehmen/unternehmensgruppe/unternehmensgruppe.html,"Unternehmensgruppe - 
		PETER-LACKE   Farbe & mehr",corporate_affiliation,"Unternehmen - Unternehmensgruppe Die PETER-LACKE Unternehmensgruppe ist bereits in der 4. Generation inhabergeführt. Die damit verbundenen schnellen Entscheidungsprozesse und die kurzen Wege in der Gesamtorganisation sind für Geschäftsführer Andreas Peter von großer Bedeutung. Farbe bekennen Wir sind uns der Verantwortung gegenüber unseren Partnern, Mitarbeitern und der Gesellschaft bewusst. Gespür für Menschen und Märkte, Sachkenntnis und Wagemut bestimmen unsere Denk- und Handelsweisen. Wir werden die internationale Ausrichtung der Gruppe weiter ausbauen, Standorte sichern und weitere Märkte erschließen. Unternehmensdaten Zentrale in Hiddenhausen, Deutschland Hauptsitz Hiddenhausen, Deutschland Beschäftige 240 Jahresumsatz ca. 40 Mio. EUR Exportquote über 50% Kompetenz und solides Wachstum seit 1906 Firmenchronik 1906 Gründung als Malergeschäft und Möbellackiererei durch Ernst Peter und Sohn Wilhelm 1920 Start der eigenen Produktion als ""Lack- Oelfarben- und Kittfabrik"" 1945 PEHAZELL-NV-Lacke / PEHALUX-Kunstharzlacke 1950 PEHADUR-Einbrennlacke 1960 Umzug nach Hiddenhausen-Schweicheln. PEHAPOL-2K-Lacke. 1978 Andreas Peter wird Geschäftsführer. PEHACRYL-Kunststoff-Lacke. 1980 Lacksysteme für die Automobilindustrie 1990 PEHALUX-UV-Lacke für Holz und Kunststoff, Entwicklungen für Flachglas und Hohlglas 2000 Einsatz von Nanotechnologie bei Wasserlacken 2006 100 Jahre PETER-LACKE Die Geschäftsführer Ernst Peter 1853 - 1929 Wilhelm Peter 1878 - 1948 E. H. Peter Andreas Peter zur Bildergalerie",Andreas Peter von großer Bedeutung,,,,,,,0.25,,included_as_corporate_affiliation,gov.affiliation,affiliation_url_title
508f1903-71e7-4aab-aba6-000fed4d8b7d,2,PETER-LACKE HOLDING GMBH,pre_event,2013-07-01,2013-07-03,http://www.peter-lacke.de/deu/peter-lacke/unternehmen/unternehmensgruppe/unternehmensgruppe.html,https://web.archive.org/web/20130703032151.0id_/http://www.peter-lacke.de/deu/peter-lacke/unternehmen/unternehmensgruppe/unternehmensgruppe.html,"Unternehmensgruppe - 
		PETER-LACKE   Farbe & mehr",corporate_affiliation,"Unternehmen - Unternehmensgruppe Die PETER-LACKE Unternehmensgruppe ist bereits in der 4. Generation inhabergeführt. Die damit verbundenen schnellen Entscheidungsprozesse und die kurzen Wege in der Gesamtorganisation sind für Geschäftsführer Andreas Peter von großer Bedeutung. Farbe bekennen Wir sind uns der Verantwortung gegenüber unseren Partnern, Mitarbeitern und der Gesellschaft bewusst. Gespür für Menschen und Märkte, Sachkenntnis und Wagemut bestimmen unsere Denk- und Handelsweisen. Wir werden die internationale Ausrichtung der Gruppe weiter ausbauen, Standorte sichern und weitere Märkte erschließen. Unternehmensdaten Zentrale in Hiddenhausen, Deutschland Hauptsitz Hiddenhausen, Deutschland Beschäftige 245 Jahresumsatz ca. 40 Mio. EUR Exportquote über 50% Kompetenz und solides Wachstum seit 1906 Firmenchronik 1906 Gründung als Malergeschäft und Möbellackiererei durch Ernst Peter und Sohn Wilhelm 1920 Start der eigenen Produktion als ""Lack- Oelfarben- und Kittfabrik"" 1945 PEHAZELL-NV-Lacke / PEHALUX-Kunstharzlacke 1950 PEHADUR-Einbrennlacke 1960 Umzug nach Hiddenhausen-Schweicheln. PEHAPOL-2K-Lacke. 1978 Andreas Peter wird Geschäftsführer. PEHACRYL-Kunststoff-Lacke. 1980 Lacksysteme für die Automobilindustrie 1990 PEHALUX-UV-Lacke für Holz und Kunststoff, Entwicklungen für Flachglas und Hohlglas 2000 Einsatz von Nanotechnologie bei Wasserlacken 2006 100 Jahre PETER-LACKE Die Geschäftsführer Ernst Peter 1853 - 1929 Wilhelm Peter 1878 - 1948 E. H. Peter Andreas Peter zur Bildergalerie",Andreas Peter von großer Bedeutung,,,,,,,0.25,,included_as_corporate_affiliation,gov.affiliation,affiliation_url_title
508f1903-71e7-4aab-aba6-000fed4d8b7d,3,ANLAGENTECHNIK LEICHTLE GMBH,pre_pre_event,2019-07-01,2019-07-23,https://www.anlagentechnik-leichtle.de/über-uns/impressum,https://web.archive.org/web/20190723051243.0id_/https://www.anlagentechnik-leichtle.de/%C3%BCber-uns/impressum,Anlagentechnik Leichtle - Impressum,impressum,"Verantwortlich: Arthur Leichtle Schloßstr. 16 86441 Zusmarshausen Kontakt Telefon: 082911359 Telefax: 08291 859044 Mobil: 0177 2341359 E-Mail: mail@anlagentechnik-leichtle.de Handwerksmeister: Arthur Leichtle Zuständige Kammer: Handwerkskammer für Schwaben (86152 Augsburg Schmiedberg 4 Berufsbezeichnung: GWL - Gas Wasser Lüftung Berufsrechtliche Regelung: Handwerksordnung (Zu finden im Bundesgesetzblatt I, Seite 3074 in der Fassung vom 24.September 1998) Umsatzsteuer-Identifikationsnummer: gemäß §27a Umsatzsteuergesetz -DE 255444610 Haftungshinweis: Trotz sorgfältiger inhaltlicher Kontrolle übernehmen wir keine Haftung für die Inhalte externer Links. Für den Inhalt der verlinkten Seiten sind ausschließlich deren Betreiber verantwortlich.",,,,,Arthur Leichtle Schloßstr. 16 86441 Zusmarshausen Kontakt Telefon,,-Identifikationsnummer,0.5,,included_as_impressum,gov.impressum_path,impressum_url_title
508f1903-71e7-4aab-aba6-000fed4d8b7d,3,ANLAGENTECHNIK LEICHTLE GMBH,pre_event,2021-07-01,2021-06-23,https://www.anlagentechnik-leichtle.de/über-uns/impressum,https://web.archive.org/web/20210623054251.0id_/https://www.anlagentechnik-leichtle.de/%C3%BCber-uns/impressum,Anlagentechnik Leichtle - Impressum,impressum,"Verantwortlich: Arthur Leichtle Schloßstr. 16 86441 Zusmarshausen Kontakt Telefon: 082911359 Telefax: 08291 859044 Mobil: 0177 2341359 E-Mail: mail@anlagentechnik-leichtle.de Handwerksmeister: Arthur Leichtle Zuständige Kammer: Handwerkskammer für Schwaben (86152 Augsburg Schmiedberg 4 Berufsbezeichnung: GWL - Gas Wasser Lüftung Berufsrechtliche Regelung: Handwerksordnung (Zu finden im Bundesgesetzblatt I, Seite 3074 in der Fassung vom 24.September 1998) Umsatzsteuer-Identifikationsnummer: gemäß §27a Umsatzsteuergesetz -DE 255444610 Haftungshinweis: Trotz sorgfältiger inhaltlicher Kontrolle übernehmen wir keine Haftung für die Inhalte externer Links. Für den Inhalt der verlinkten Seiten sind ausschließlich deren Betreiber verantwortlich.",,,,,Arthur Leichtle Schloßstr. 16 86441 Zusmarshausen Kontakt Telefon,,-Identifikationsnummer,0.5,,included_as_impressum,gov.impressum_path,impressum_url_title
508f1903-71e7-4aab-aba6-000fed4d8b7d,3,ANLAGENTECHNIK LEICHTLE GMBH,event,2023-07-01,2023-05-29,https://www.anlagentechnik-leichtle.de/über-uns/impressum,https://web.archive.org/web/20230529054753.0id_/https://www.anlagentechnik-leichtle.de/%C3%BCber-uns/impressum,AnlagenTechnik Leichtle GmbH - Impressum,impressum,"Geschäftsführer: Arthur Leichtle und Michael Scherer Im Oberdorf 1 86441 Zusmarshausen OT Gabelbach Kontakt Telefon: 08291 1359 E-Mail: mail@anlagentechnik-leichtle.de Handwerksmeister: Arthur Leichtle Michael Scherer Zuständige Kammer: Handwerkskammer für Schwaben (86152 Augsburg, Schmiedberg 4) Berufsbezeichnung: GWL - Gas Wasser Lüftung Berufsrechtliche Regelung: Handwerksordnung (Zu finden im Bundesgesetzblatt I, Seite 3074 in der Fassung vom 24.September 1998) Umsatzsteuer-Identifikationsnummer: gemäß §27a Umsatzsteuergesetz -DE 255444610 Haftungshinweis: Trotz sorgfältiger inhaltlicher Kontrolle übernehmen wir keine Haftung für die Inhalte externer Links. Für den Inhalt der verlinkten Seiten sind ausschließlich deren Betreiber verantwortlich.",Arthur Leichtle und Michael Scherer Im Oberdorf 1 86441 Zusmarshausen OT Gabelbach Kontakt Telefon: 08291 1359 E-Mail: m,,,,Arthur Leichtle und Michael Scherer Im Oberdorf 1 86441 Zusmarshausen OT Gabelbach Kontakt Telefon,,-Identifikationsnummer,0.75,,included_as_impressum,gov.impressum_path,impressum_url_title
508f1903-71e7-4aab-aba6-000fed4d8b7d,3,ANLAGENTECHNIK LEICHTLE GMBH,post_event,2025-07-01,2025-06-15,https://www.anlagentechnik-leichtle.de/über-uns/impressum,https://web.archive.org/web/20250615044832.0id_/https://www.anlagentechnik-leichtle.de/%C3%BCber-uns/impressum,"AnlagenTechnik Leichtle GmbH - Im Oberdorf 1 86441 Zusmarshausen  Tel,  08291 1359 - Impressum",impressum,"Geschäftsführer: Arthur Leichtle und Michael Scherer Im Oberdorf 1 86441 Zusmarshausen OT Gabelbach Kontakt Telefon: 08291 1359 E-Mail: mail@anlagentechnik-leichtle.de Handwerksmeister: Arthur Leichtle Michael Scherer Zuständige Kammer: Handwerkskammer für Schwaben (86152 Augsburg, Schmiedberg 4) Berufsbezeichnung: GWL - Gas Wasser Lüftung Berufsrechtliche Regelung: Handwerksordnung (Zu finden im Bundesgesetzblatt I, Seite 3074 in der Fassung vom 24.September 1998) Umsatzsteuer-Identifikationsnummer: gemäß §27a Umsatzsteuergesetz -DE 255444610 Haftungshinweis: Trotz sorgfältiger inhaltlicher Kontrolle übernehmen wir keine Haftung für die Inhalte externer Links. Für den Inhalt der verlinkten Seiten sind ausschließlich deren Betreiber verantwortlich.",Arthur Leichtle und Michael Scherer Im Oberdorf 1 86441 Zusmarshausen OT Gabelbach Kontakt Telefon: 08291 1359 E-Mail: m,,,,Arthur Leichtle und Michael Scherer Im Oberdorf 1 86441 Zusmarshausen OT Gabelbach Kontakt Telefon,,-Identifikationsnummer,0.75,,included_as_impressum,gov.impressum_path,impressum_url_title
508f1903-71e7-4aab-aba6-000fed4d8b7d,7,SIXT SE,post_post_event,2025-07-01,2025-07-02,https://about.sixt.com/,https://web.archive.org/web/20250702180013.0id_/https://about.sixt.com/,Startseite,management_legal_representatives,"Wir verändern die Art und Weise, wie sich die Welt bewegt. Unsere Strategie Strategie & Produkte Wir schaffen Erlebnisse, die unsere Kundinnen und Kunden begeistern, indem wir ihre Erwartungen übertreffen und Mobilität bequemer, nachhaltiger und aufregender machen. EXPECT BETTER ist unser Antrieb. Unsere Produkte News SIXT rent 2025-06-16 Siemens AG setzt bei Geschäftsreisen auf das internationale Mobilitätsangebot von SIXT Mehr erfahren Finanzen 2025-05-13 SIXT startet 2025 mit Rekordumsatz und deutlicher Ergebnisverbesserung; Jahresprognose bestätigt Knappe Flotte sowie starkes Wachstum in Europa und den USA bilden Grundlage der deutlichen Ergebnisverbesserung und Bestätigung des Ausblicks 2025 mit signifikant höherer Jahresprofitabilität Regine Sixt Kinderhilfe Stiftung 2025-04-15 Regine Sixt Kinderhilfe Stiftung TRÄNCHEN TROCKNEN: Osterüberraschungen für Kinder weltweit, unterstützt durch die Simba Dickie Group + 43.5 %P Internationaler Anteil am Umsatz Internationaler Anteil am Umsatz steigt von 28% auf 71,5% 2009 28% 2024 71,5% 300 % Umsatzsteigerung Umsatzsteigerung von 1 Mrd. € auf 4 Mrd. € 1,0 Mrd. € 4,00 Mrd. € 36 fach Gewinn Gewinn steigt von 9,4 Mio. € auf 335,2 Mio. € 9,4 Mio. € 335,2 Mio. € 195 Flottenwachstum Flotte wächst von 121 Tsd. Fahrzeuge auf 357.100 Tsd. Fahrzeuge 121 Tsd. 357,1 Tsd. Die verwendeten Vergleichsdaten beziehen sich jeweils auf fortgeführte Geschäftsbereiche. Der Geschäftsbereich Leasing wurde im Juli 2020 veräußert. Flottenzahlen inkl. Franchise. Investor Relations UNSERE VERANTWORTUNG Ganzheitlich nachhaltig Culture & New Work Seit jeher machen wir Mobilität für unsere Kundinnen und Kunden so einfach und flexibel wie möglich. Auch ohne eigenes Auto. Mit unserem Nachhaltigkeitsprogramm setzen wir auf die langfristige Elektrifizierung unserer Flotte, investieren in Ladeinfrastruktur und den weiteren Ausbau unserer SIXT App zum Dreh- und Angelpunkt für klimafreundliche Mobilitätangebote. Außerdem machten wir den Betrieb an unseren Stationen und Standorten bereits bis Ende 2023 CO2-neutral. Eigenständig. Unternehmerisch. Absolut kundenorientiert. SIXT steht für eine Kultur mit starken Unternehmenswerten. Wir setzen auf erstklassige Führung und innovative Arbeitsformen. Und auf unser einzigartiges „Team Orange“, das unsere Kundinnen und Kunden weltweit jeden Tag aufs Neue begeistert. Als offizielles Corporate Social Responsibility (CSR) Programm der Sixt SE und integraler Bestandteil der SIXT Unternehmenskultur, unterstützt die Regine Sixt Kinderhilfe Stiftung TRÄNCHEN TROCKNEN weltweit Kinderhilfsprojekte in den vier Bereichen Bildung, Gesundheit, Fürsorge und Nothilfe. In Zusammenarbeit mit den SIXT Corporate- und Franchise-Ländern konnte die Stiftung bereits über 400 Projekte in mehr als 65 Ländern weltweit unterstützen. Sixt weltweit Unsere Standorte Verwaltungs- und Technologiezentren Mehr anzeigen SIXT HQ München Sixt Tech Pullach, Deutschland Zugspitzstraße 1 Google Maps 089 / 7 44 44 - 0 SIXT Berlin Berlin, Deutschland Huttenstraße 50 SIXT Rostock Rostock, Deutschland Trelleborger Straße 9 SIXT USA Fort Lauderdale, Vereinigte Staaten 1501 NW 49th Street, Suite 100 SIXT Großbritannien Langley, Vereinigtes Königreich Langley Quay Waterside Drive 5 SIXT Indien Karnataka, Indien Building 9, 6th Floor, Cessna Business Parl, Bellandur, Bengaluru SIXT Ukraine Kiev, Ukraine Turgenevska Str. 46/11 SIXT Italien Segrate MI, Italien Via Rivoltana, 2/D SIXT Frankreich Paris, Frankreich Avenue de Saxe 42 SIXT Spanien Palma de Mallorca, Spanien C/del Canal de Sant Jordi, 29 Local 2 Pol. Son Oms SIXT Schweiz Basel, Schweiz Müllheimer-Straße 195 SIXT Belgien Machelen, Belgien Kouterveldstraat 6 SIXT Niederlande Hoofddorp, Niederlande Kruisweg 791 SIXT Österreich Wien, Österreich Liesinger-Flur-Gasse 17 SIXT Portugal Lissabon, Portugal Headquarter Pullach Stationen Unser Management Vorstand & Executive Leadership Team Alexander Sixt Co-CEO, Vorstand Nationalität deutsch Bestellt bis: März 2027 Erstmals bestellt Februar 2015 Co-Vorstandsvorsitzender Seit Juni 2021 Alexander Sixt, Jahrgang 1979, ist seit Juni 2021 gemeinsam mit seinem Bruder Konstantin Sixt Co-Vorstandsvorsitzender der Sixt SE. Alexander Sixt trat im Jahr 2009 in die SIXT-Gruppe ein und war bis 2010 zuständig für die Konzeption und Umsetzung des Effizienzprogramms der Allane SE (vormals Sixt Leasing SE). Anschließend übernahm er die Leitung der Konzernstrategie sowie die Verantwortung für Mobilitätsangebote wie bspw. DriveNow und später dann auch für den Konzerneinkauf. Im Februar 2015 wurde Alexander Sixt in den Vorstand berufen und übernahm die Verantwortung für den globalen SIXT TECH Bereich, die Konzernstrategie/M&A, das globale Personalwesen, den Konzerneinkauf sowie die Leitung der globalen Shared Services- und Verwaltungsfunktionen. Zum 17. Juni 2021 wurden Alexander Sixt und sein Bruder Konstantin Sixt vom Aufsichtsrat der Sixt SE zu Co-Vorstandsvorsitzenden bestellt und sind seither gemeinsam federführend für die Gesamtleitung und die Geschäftspolitik des Unternehmens so wie deren Koordinierung verantwortlich . Neben den Co-CEO Aufgaben ist Alexander Sixt derzeit für di e K onzernstrategie, das globale Personalwesen, IT (Soft- und Hardware) sowie für Global Business Services zuständig. Vor seinem Wechsel zu SIXT war Alexander Sixt im Kompetenzzentrum Corporate Performance and Restructuring von Roland Berger Strategy Consultants tätig. Er studierte in Paris, London und Berlin an der Ecole Superieure de Commerce de Paris (ESCP) und schloss sein Studium mit einem Diplome de Grande Ecole und einem Master of Science (M.Sc.) sowie als Diplom-Kaufmann mit Schwerpunkten Accounting und Corporate Finance ab. Konstantin Sixt Konstantin Sixt, Jahrgang 1982, ist seit Juni 2021 gemeinsam mit seinem Bruder Alexander Sixt Co-Vorstandsvorsitzender der Sixt SE. Konstantin Sixt trat im Jahr 2005 in die Sixt SE ein und verantwortete das gesamte Online-Geschäft des Unternehmens. Ab 2013 leitete er den Deutschland-Vertrieb der SIXT Autovermietung. Im Februar 2015 wurde Konstantin Sixt in den Vorstand des Unternehmens berufen und übernahm die Verantwortung für den nationalen und internationalen Vertrieb sowie das globale E-Commerce-Geschäft des Konzerns. Seit dem Jahr 2020 verantwortete er zusätzlich den Bereich Revenue Management. Zum 17. Juni 2021 wurden Konstantin Sixt und sein Bruder Alexander Sixt vom Aufsichtsrat der Sixt SE zu Co-Vorstandsvorsitzenden bestellt und sind seither gemeinsam federführend für die Gesamtleitung und die Geschäftspolitik des Unternehmens sowie deren Koordinierung verantwortlich Neben den Co-CEO-Aufgaben ist Konstantin Sixt derzeit verantwortlich für Marketing, International Franchise Development sowie für das Revenue Management. Konstantin Sixt studierte in Genf, Paris und London und hält einen MSc in Int. Accounting and Finance der Bayes Business School (ehem. Cass). Nico Gabriel Chief Operating Officer (COO), Vorstand Februar 2027 Januar 2021 Nico Gabriel, Jahrgang 1977, ist seit Januar 2021 Vorstand Operations/Chief Operating Officer (COO) der Sixt SE. Nico Gabriel studierte in Berlin und Brisbane/Australien mit den Schwerpunkten Internationales Management und Innovationsmanagement und machte seinen Abschluss als Diplom-Kaufmann (FH). 2004 startete Gabriel als Trainee bei SIXT und begleitete das SIXT-Kerngeschäft der Autovermietung mit dem Filialnetzwerk als Operations und Business Development Manager für Skandinavien, den Mittleren Osten und Australien von Grund auf. Als langjähriger Geschäftsführer von DriveNow (2011 bis 2018) prägte Gabriel wesentlich das free-floating Carsharing-Geschäft und baute dies im Joint Venture mit BMW zu einem der größten und profitablen Carsharing-Anbieter in Europa auf. Zudem verantwortete er den Aufbau der Elektroflotte von SIXT. Ab 2018 fungierte Nico Gabriel als Bereichsvorstand für den Mobility Operations-Bereich, in dem bei SIXT alle Digitalisierungsinitiativen, das Carsharing-Angebot SIXT share sowie die Mobilitätsplattform ONE gebündelt sind. Als Vorstand Operations (seit 2021) verantwortet Nico Gabriel die Bereiche Operations , international Reservierung und Kundenservice, Network and Sales & Service Excellence , Performance Europe, Security & Fraud Management, Globales Flottenmanagement, Corporate Development, Truck, SIXT-Share , Mobility TECH and Processes , E-Mobility, Mobility Projects, Gebrauchtwagenhandel sowie International Franchise Vinzenz Pflanz Chief Business Officer (CBO), Vorstand September 2025 Oktober 2022 Vinzenz Pflanz, Jahrgang 1972, ist seit Oktober 2022 Chief Business Officer (CBO) der Sixt SE. Vinzenz Pflanz startete 2016 als Chief Sales Officer der SIXT Leasing. Im Jahr 2017 übernahm er als President Corporate Sales der Sixt SE die Verantwortung für den Bereich Sales & Products über alle Vertriebskanäle und Tochtergesellschaften weltweit. Von 2010 bis 2016 war Vinzenz Pflanz als Chief Commercial Officer bei Fleet Logistics, einem der führenden Flottendienstleister in Europa, tätig. Er verantwortete dort neben der Internationalisierung des Konzerns den Bestands- und Neukundenvertrieb im Bereich Flottenmanagement sowie die Geschäftsbereiche IT und Recht. Zuvor war er von 2008 bis 2010 Leiter Vertriebsinnendienst, Außendienst und Remarketing bei der Hannover Leasing Automotive GmbH und von 1997 bis 2007 Director International Business & Remarketing bei der ASL Auto Service Leasing GmbH. Vinzenz Pflanz studierte in Regensburg und schloss sein Studium als Diplom-Kaufmann ab. Als CBO ist Vinzenz Pflanz für den globalen Vertrieb verantwortlich. Franz Weinberger Chief Financial Officer (CFO), Vorstand deutsch/schweiz Mai 2027 Juni 2024 Dr. Franz Weinberger, Jahrgang 1982, ist seit Juni 2024 Vorstand Finanzen/Chief Financial Officer (CFO) der Sixt SE. Dr. Franz Weinberger studierte an der LMU München Rechtswissenschaften und schloss dieses im Jahr 2008 ab. Im Jahre 2010 folgte die Promotion. 2009 startete Herr Dr. Franz Weinberger seine berufliche Laufbahn bei der internationalen Anwaltskanzlei Taylor Wessing mit den Schwerpunkten Gesellschafts-und Kapitalmarktrecht und beriet zahlreiche M&A sowie Finanzierungstransaktionen. Ende 2013 wechselte Herr Dr. Franz Weinberger zu Sixt und verantwortete bereits viele für den Konzern wichtige Projekte. Während seiner Zugehörigkeit zur Rechtsabteilung der Sixt SE begleitete er neben der Hauptversammlung und den Finanzierungen an führender Position den IPO der Sixt Leasing SE, den Verkauf der DriveNow-Beteiligung an die BMW Group sowie den Verkauf der Beteiligung an der Sixt Leasing SE an ein Joint Venture zwischen Santander und Hyundai. Während der Corona-Pandemie leitete Franz Weinberger die Finanzierungsgespräche mit Banken und Investoren und übernahm die Position des Head of Corporate Finance. Dort entwickelte er die Finanzierungsstrategie der Sixt Gruppe maßgeblich fort und verantwortete unter anderem den Ratingprozess mit S&P. Als Vorstand Finanzen (seit Juni 2024) verantwortet Dr. Franz Weinberger bei SIXT die Ressorts Corporate Finance, Rechnungswesen, Controlling & Finance Products Recht, Steuern, Interne Revision, Risikomanagement/ Compliance, Financial Projects / M&A, PR / Kommunikation, Investor Relations und ESG. Boyan Dimitrov Chief Technology Officer (CTO) Bulgarisch Boyan Dimitrov ist Chief Technology Officer von SIXT und in dieser Rolle verantwortlich für Vision und Strategie des Tech-Bereiches des Unternehmens. Zu seinem Verantwortungsbereich gehören die SIXT Entwicklungsstandorte in München, Bangalore, Kiew und Lissabon. Bevor er 2015 zu SIXT kam, war Boyan Dimitrov lange in den Startup-Ökosystemen in Großbritannien und Bulgarien tätig. In seiner letzten Position leitete er die Plattformteams bei Hailo in London, wo er eine globale Microservices-Plattform für den Mobilitätsbereich entwickelt hat. Boyan Dimitrov verfügt über mehr als 15 Jahre Erfahrung mit Cloud- und Distributed-Systems und ist ein gefragter Redner auf Technologiekonferenzen weltweit. Er hat einen Bachelor-Abschluss in Netzwerktechnologien und einen M.Sc.-Abschluss in IT-Projektmanagement von der Aston University in Birmingham. „SIXT hat es sich zur Aufgabe gemacht, ein erstklassiges Kunden- und Serviceerlebnis zu bieten und die Art und Weise zu verändern, wie Menschen auf der ganzen Welt Mobilität erleben. Unsere leidenschaftlichen Ingenieurteams arbeiten unermüdlich an der Entwicklung der Spitzentechnologie, die jeden Aspekt dieses Erlebnisses untermauert.” Jean-Philippe Doyen Präsident Europa Französisch Jean-Philippe Doyen ist Präsident von SIXT Europa und verantwortlich für das Wachstum in dieser Region. Bevor er 2009 zu SIXT kam, arbeitete Jean-Philippe Doyen bei der Veolia Transport Group, dem damals führenden privaten europäischen Personenbeförderungsunternehmen, wo er mehrere Profit-Center leitete. Davor verantwortete er die internationale Entwicklung des französischen Hightech-KMU Integral Media, wo er zunächst die Exportaktivitäten in den deutschsprachigen Märkten initiierte und anschließend eine Tochtergesellschaft in den USA gründete und leitete. Doyen studierte Ingenieurwesen an der Ecole Nationale des Ponts et Chaussées in Paris und an der Technischen Universität in München. „Für mich bedeutet SIXT, dass wir uns ständig neu erfinden, um einen Schritt voraus zu sein. SIXT verbindet die Stärke eines traditionellen Unternehmens mit der Mentalität eines schnell wachsenden Start-ups, angetrieben von einer starken unternehmerischen Kultur, einem ausgeprägten Kundenfokus und einem großartigen Arbeitsumfeld.“ Nils Hüske Chief Commercial Officer (CCO) Deutsch Dr. Nils K. Hüske ist Chief Commercial Officer der Sixt SE. Er ist verantwortlich für alle flottenbezogenen Themen, von Einkauf und strategischem Flottenmanagement bis hin zum Remarketing sowie für die Unternehmensstrategie. Dr. Hüske trat 2022 als Senior Vice President Strategy und Chief of Staff bei SIXT ein. Dr. Hüske ist promovierter Teilchenphysiker und breite Erfahrung in der Arbeit mit neuronalen Netzen und anderen Machine Learning-Techniken. Er startete seine Karriere in der Automobilindustrie bei der globalen Strategieberatung Roland Berger im Automotive Kompetenzzentrum mit dem Schwerpunkt auf OEMs und Tier-1-Zulieferern. Er setzte seine Karriere bei der Volkswagen Group fort, wo er verschiedene Führungspositionen innehatte. Initial war er als Senior Manager in der internen Top-Managementberatung Volkswagen Consulting tätig. Bevor er zu SIXT kam, war er als Leiter der Abteilung Digital-Strategie, Mobilitätsdienstleistungen und User Experience für die Marke Volkswagen tätig. Insgesamt hat er mehr als 15 Jahre Erfahrung in der Automobilindustrie. „Unser Ziel bei SIXT ist es, unseren Kunden ein außergewöhnliches Reiseerlebnis zu bieten, das für immer in Erinnerung bleibt. Unsere Flotte ist eine Reflexion unserer Verpflichtung zu Innovationen und erstklassigen Mobilitätslösungen. Mein Team und ich kämpfen dafür, immer die aufregenden Premium-Automobile in unserer Flotte zu haben, die unsere Kunden wieder und wieder von SIXT überzeugen. Unsere Hingabe zu herausragendem Kundenservice, verbunden mit unserem Fokus auf modernste Technologie, führt dazu, dass SIXT die Spitzenposition als Premium-Mobilitätsdienstleister innehat.“ Thomas C. Kennedy Präsident Nordamerika Amerikanisch Thomas C. Kennedy ist Präsident von SIXT Nordamerika. Er ist dafür verantwortlich, die Premium- und Digitalisierungsstrategie von SIXT in den USA voranzutreiben. Bevor er zu SIXT USA kam, war Herr Kennedy von 2013 bis 2018 Senior Executive Vice President und Chief Financial Officer von Hertz Global Holdings, von 2008 bis 2013 Executive Vice President und Chief Financial Officer von Hilton Worldwide Holdings sowie von 2003 bis 2007 Executive Vice President und CFO bei Vanguard Car Rental. Herr Kennedy schloss 1992 sein Studium an der Harvard University mit einem Master of Business Administration ab. „SIXT ist ein führender globaler Mobilitätsanbieter, der innovativ, technologieorientiert und finanziell gut aufgestellt ist und vor allem unermüdlich daran arbeitet, seinen Kunden ein hervorragendes Erlebnis zu bieten. Ich freue mich sehr, Teil des Team Orange zu sein.“ Friederike-Katharina Reichenberger Chief Human Resources Officer (CHRO) Friederike-Katharina Reichenberger ist Chief Human Resources Officer bei SIXT. Sie ist verantwortlich für das Recruiting und die Entwicklung von Talenten bei SIXT. Dafür stellen sie und ihr Team exzellente Personaldienstleistungen, Programme und digitale Tools bereit. Bevor sie 2013 zu SIXT wechselte, war Friederike Reichenberger stellvertretende Leiterin der Personalabteilung bei Conrad Electronics. Nach ihrem Bachelor of Arts in Hotelmanagement startete sie 2005 ihre Karriere im Bereich Human Resources/People Management bei E. Breuninger GmbH & Co. und absolvierte gleichzeitig ihren MBA in Human Resources Management an der Fachhochschule Ludwigshafen. „SIXT ist ein attraktiver Arbeitgeber, der es allen Mitarbeitern ermöglicht, leidenschaftliche und engagierte Leistungsträger zu sein, die sich in ihrem Arbeitsumfeld wohlfühlen.“ Meilensteine Historischer Aktienschlusskurs *zwischen 1986 und 1990 liegen keine Werte vor. Der Beginn einer bewegenden Geschichte 1912 Martin Sixt gründet 1912 mit drei Fahrzeugen die Firma ""Martin Sixt Autofahrten"" und legt damit den Grundstein für die Erfolgsgeschichte des Unternehmens. 1917 kauft sich Martin Sixt eine Station in der Münchner Seitzstraße 11, in der sich noch heute eine der meistbesuchten SIXT Filialen findet. Die Geburtsstunde von „Auto SIXT“ 1951 1927 übernimmt Hans Sixt das Unternehmen, Martin Sixts Neffe. Nach Innovationen wie den ersten Funktaxis Europas gründet Hans Sixt die Autovermietung „Auto SIXT“. Schon wenige Jahre später eröffnen die ersten Flughafen-Filialen in Frankfurt am Main und München und SIXT startet als erstes deutsches Unternehmen 1967 mit einem Full-Service Leasingprogramm für Fahrzeuge. Zuwachs im Familienunternehmen 1969 Erich Sixt führt das Familienunternehmen in dritter Generation. Zusammen mit seiner Frau Regine Sixt baut er das Unternehmen kontinuierlich und signifikant aus und startet die Präsenz an allen deutschen Flughäfen. SIXT geht an die Börse 1986 Erich Sixt trifft eine der bedeutendsten Entscheidungen der SIXT-Firmengeschichte: Er geht mit seinem Unternehmen an die Börse und eröffnet SIXT so neue Wachstumschancen. Im Jahr 2013 erfolgt die Umwandlung der Sixt AG in die Rechtsform einer Europäischen Gesellschaft, die heutige Sixt SE. SIXT internationalisiert 1991 Nachdem die Autovermietung SIXT ein Jahr zuvor bereits in die Schweiz expandierte, startet Regine Sixt die internationale Expansion mit Lizenznehmern und baut die Präsenz des Unternehmens zügig aus. Zu Beginn der 90er Jahre erreicht SIXT die Marktführerschaft in Deutschland. Regine Sixt Kinderhilfe 2000 Regine Sixt gründet im Jahr 2000 den Regine Sixt Kinderhilfe e.V. in Pullach, Deutschland, und wandelt diesen im Jahr 2011 in eine gemeinnützige Stiftung bürgerlichen Rechts um. Unter dem Motto TRÄNCHEN TROCKNEN unterstützt sie weltweit Projekte für Kinder in Not. Heute ist die Regine Sixt Kinderhilfe Stiftung das offizielle Corporate Social Responsibility (CSR) Programm der Sixt SE. Vierte Generation Im Jahr 2009 übernimmt Alexander Sixt die Leitung der Konzernentwicklung, Konstantin Sixt verantwortet das gesamte Internetgeschäft, das für SIXT von zentraler Bedeutung ist. Bereits ein Jahr zuvor war es bei SIXT, als erster Autovermietung weltweit, möglich per iPhone zu buchen. SIXT expandiert in die USA und gründet im selben Jahr in Deutschland DriveNow 2011 Erichs Sixt lang gehegter Traum wird wahr: SIXT startet seine Expansion in den USA und eröffnet in Florida die ersten SIXT-Stationen. Heute ist SIXT mit einer eigenen Landesgesellschaft im größten Vermietmarkt der Welt (Volumen von mehr als 30 Mrd. USD) vertreten. Im selben Jahr startet das Unternehmen gemeinsam mit BMW das Joint-Venture DriveNow, ein Premium-Carsharing-Angebot in Deutschland. Dieses innovative Mobilitätskonzept verbindet höchste Qualität bei Fahrzeugen und Service mit einer einfachen und flexiblen Nutzung. 100 Jahre – Herzlichen Glückwunsch SIXT 2012 SIXT feiert 100-jähriges Bestehen und setzt weiter auf Internationalisierung. Bitte einsteigen! 2013 Mit myDriver erweitert SIXT sein Mobilitätsangebot um einen professionellen Fahrservice für Privat- und Geschäftskunden zu kostengünstigen und transparenten Festpreisen. Im Laufe seines Bestehens konzentriert sich myDriver vor allem auf Flughafentransfers. Die Fahrzeugflotte besteht aus hochwertig ausgestatteten Limousinen namhafter Marken. Seit dem Launch der digitalen Mobilitätsplattform ONE im Jahr 2019 gehört myDriver zum Produktbereich SIXT ride. Börsengang der SIXT Leasing 2015 Mit dem Börsengang der SIXT Leasing AG stellt SIXT das Leasinggeschäft finanziell auf eigene Füße und wird zudem die erste börsennotierte Autoleasinggesellschaft in Deutschland. Im selben Jahr werden die Söhne von Erich und Regine Sixt, Alexander und Konstantin, in den Vorstand der Sixt SE berufen. Benvenuto SIXT Italia 2017 SIXT gründet mit SIXT Italia eine eigene Landesgesellschaft, die das bisherige Franchisegeschäft ablöst. Der Start ist vielversprechend. Bereits in den ersten Monaten werden zwölf Stationen an den größten Flughäfen Norditaliens eröffnet, darunter in Mailand, Rom, Florenz und Venedig. Zahlreiche weitere Eröffnungen in Mittel- und Süditalien folgen. Eine Erfolgsstory in der Mobilität 2018 SIXT veräußert seine Beteiligung an dem Gemeinschaftsunternehmen DriveNow an die BMW Group. Mit einer Bewertung von 420 Mio. Euro gehört DriveNow zu einem der 10 größten Exits der jüngeren deutschen Internetgeschichte. Die Veräußerung seiner Unternehmensanteile ermöglicht es SIXT, nun unabhängig die Position als führender Mobilitätsanbieter durch die Integration aller Mobilitätsangebote unter einem Dach konsequent auszubauen. SIXT wird zum integrierten Mobilitätsdienstleister 2019 Im Februar 2019 launcht SIXT seine Mobilitätsplattform ONE samt der neuen SIXT App. Durch die Integration der Produkte SIXT rent (Autovermietung), SIXT share (Carsharing) und SIXT ride (Taxi-, Transfer und Chauffeurservices) in nur einer App haben Kunden Zugriff auf flexible Mobilitäsdienstleistungen und -services. Seit Mitte 2020 offeriert SIXT zudem Auto Abos über die neue Produktkategorie SIXT+, außerdem diverse Partner-Produkte im Bereich Mikromobilität. Alle Angebote können über die SIXT App gebucht und bezahlt werden. Internationalisierung voraus: Trotz Corona geht SIXT in die Offensive 2020 SIXT spielt in der globalen Krise seine Stärken aus und nutzt seine finanziellen und strategischen Vorteile: Im Sommer expandiert das Unternehmen mit seinem Carsharing-Dienst SIXT share mit einer 100%igen Elektroflotte in die Niederlande, erweitert mit dem flexiblen Auto Abo SIXT+ das Angebot seiner Mobilitätsplattform SIXT ONE und erwirbt in den USA 10 strategisch wichtige Airportstationen. Damit legt SIXT den Grundstein für eine massive Expansion in Nordamerika. Wechsel an der Unternehmensspitze: Alexander und Konstantin Sixt werden Co-CEOs 2021 Nach mehr als 50 Jahren an der Unternehmensspitze legt der langjährige CEO Erich Sixt Mitte Juni sein Vorstandsmandat nieder und übernimmt den Aufsichtsratsvorsitz der Sixt SE. Seine Söhne Alexander und Konstantin werden vom Aufsichtsrat zu den neuen Co-CEOs der Sixt SE bestellt. Damit setzt das Unternehmen auf strategische Kontinuität, internationales Wachstum und Digitalisierung. Diese wollen beide Brüder auch künftig mit voller Kraft vorantreiben. Das zeigt sich bereits im Spätsommer: Auf der IAA Mobility geben Intel CEO Pat Gelsinger und Alexander Sixt bekannt, dass sie ab 2022 als erste Anbieter überhaupt autonome Ride-Hailing-Dienste in einer Pilotphase in München anbieten werden. Die autonome Robotaxi-Option der Intel-Tochter Mobileye wird Teil des Ride-Hailing-Dienstes SIXT ride sein. SIXT besiegelt in Australien eine der größten Franchise-Kooperationen der Firmengeschichte Mit dem Abschluss einer der bislang größten Franchise-Kooperationen der Firmengeschichte startet SIXT Anfang Dezember seine Partnerschaft mit der National Roads & Motorists‘ Association (NRMA), dem größten nationalen Automobilclub und einem der führenden Autovermieter Australiens. Im Zuge der Zusammenarbeit erzielt der internationale Mobilitätskonzern auf einen Schlag einen Marktanteil von 13 Prozent auf dem Kontinent und erweitert sein internationales Netzwerk um rund 160 Stationen mit einer Vermietflotte von 16.000 Fahrzeugen. SIXT schließt 2021 mit dem höchsten Ergebnis der Firmengeschichte ab Dank eines starken Wachstums im europäischen Ausland sowie in den USA, eines hohen Marktpreisniveaus sowie eines effizienten Kostenmanagements während der Corona-Pandemie liefert SIXT 2021 mit einem Konzerngewinn vor Steuern (EBT) von 442,2 Mio. Euro das beste Ergebnis der Unternehmensgeschichte ab. Impulsgeber für grüne Mobilitätswende: SIXT wird ganzheitlich nachhaltig 2022 Mit seinem neuen Nachhaltigkeitsprogramm wird SIXT mehr denn je zum Vorreiter in Sachen Klimaschutz. Dafür setzen wir auf die Elektrifizierung unserer Flotte, investieren in Ladeinfrastruktur und den weiteren Ausbau unserer SIXT App zum Dreh- und Angelpunkt für nachhaltige Mobilitätsangebote. Außerdem machen wir den Betrieb an unseren Stationen und Standorten bereits bis Ende 2023 CO2-neutral.",von DriveNow (2011 bis 2018) prägte Gabriel wesentlich das free-floating Carsharing-Geschäft und baute dies im Joint Ven,,Siemens AG,"s, von 2008 bis 2013 Executive Vice President und Chief Financial Officer von Hilton Worldwide Holdings sowie von 2003 b",1951 1927 übernimmt Hans Sixt das Unternehmen,,,1.0,,included_as_management_legal_representatives,gov.management_legal,management_legal_url_title
508f1903-71e7-4aab-aba6-000fed4d8b7d,7,SIXT SE,post_post_event,2025-07-01,2025-07-02,https://about.sixt.com/newsroom,https://web.archive.org/web/20250702180013.0id_/https://about.sixt.com/newsroom,Siemens AG setzt bei Geschäftsreisen auf das internationale Mobilitätsangebot von SIXT,management_legal_representatives,"Newsroom Finanzen 2025-05-13 SIXT startet 2025 mit Rekordumsatz und deutlicher Ergebnisverbesserung; Jahresprognose bestätigt Knappe Flotte sowie starkes Wachstum in Europa und den USA bilden Grundlage der deutlichen Ergebnisverbesserung und Bestätigung des Ausblicks 2025 mit signifikant höherer Jahresprofitabilität Das Wichtigste auf einen Blick Unsere Highlights SIXT rent 2025-06-16 Siemens AG setzt bei Geschäftsreisen auf das internationale Mobilitätsangebot von SIXT 2025-01-20 Wachstumsfinanzierung: SIXT platziert erfolgreich Anleihe im Volumen von 500 Mio. Euro zu Top-Konditionen Unternehmen 2025-01-09 BUSINESS TRAVELLER AWARDS 2024: SIXT erneut zur besten Autovermietung gekürt Rückblick und Archiv Weitere Pressemitteilungen Published Select content Jahr 2025 2024 2023 News Search Search content Clear Categories Alle Themen Unkategorisiert Produkte SIXT share SIXT van & truck Investor Relations Regine Sixt Kinderhilfe Stiftung Regine Sixt Kinderhilfe Stiftung TRÄNCHEN TROCKNEN: Osterüberraschungen für Kinder weltweit, unterstützt durch die Simba Dickie Group 2025-04-15 SIXT durchbricht erstmals die Vier-Milliarden-Umsatzmarke: Drittes Rekordjahr in Folge 2025-02-27 SIXT share erweitert Angebot: mehr Auslandsfahrten, mehr Tankmöglichkeiten, mehr Benefits 2025-01-30 Strahlende Kinderaugen – Die Regine Sixt Kinderhilfe Stiftung TRÄNCHEN TROCKNEN und SIXT Mitarbeitende weltweit bringen Kindern den Weihnachtszauber 2024-12-20 SIXT eröffnet 50. Flughafen-Station in den USA 2024-12-03 Rekord-Sommer bei SIXT: Umsatz in Q3 mit 1,24 Mrd. Euro auf Allzeit-Hoch, EBT mit 246 Mio. Euro auf Vorjahresniveau, Rendite bei rund 20% 2024-11-12 Mehr laden 2024-04-30 Alexander Sixt im großen Handelsblatt Unternehmergespräch Interview 2023-12-03 Alexander Sixt über E-Mobilität und Expansionspläne 2023-10-03 Konstantin Sixt über die Erfolgsgeschichte und Ambitionen von SIXT Mobilität 2023-05-05 Alexander Sixt bei Handelsblatt Disrupt Podcast über die Zukunft der Mobilität 2023-02-22 Gastbeitrag von Alexander Sixt: „Unsere Verantwortung und unsere Chance“ 2023-02-02 CNN „First Move“: Die Expansion von SIXT im US-Markt 2022-11-17 Alexander Sixt über die Zukunft der Branche und das boomende US-Geschäft 2022-09-19 SIXT setzt auf nachhaltige Mobilität Innovation 2022-01-31 Sixt: Alexander Sixt über E-Mobilität & Herausforderungen für Autovermieter 2021-06-13 Interview mit Alexander und Konstantin Sixt Vorstand und Familie 7 Dateien Image-Categories Alle Kategorien Vorstand & Familie Alexander Sixt Konstantin Sixt Nico Gabriel Vinzenz Pflanz Dr. Franz Weinberger Regine Sixt Erich Sixt 14 Dateien SIXT rent – Flughafen München SIXT ride SIXT rent – Mailand Malpensa Flughafen SIXT rent – Mailand Linate Flughafen SIXT rent – Mailand Lifestyle mit Fahrzeug Stationen 9 Dateien SIXT Station Mailand Malpensa Flughafen SIXT Station Mailand Porta Genova (Innen) SIXT Station Mailand Porta Genova (Aussen) SIXT Station München Flughafen (Totale) SIXT Station München Flughafen (Detail) SIXT Station München Flughafen (Detail Logo) Logos 5 Dateien Sixt SE Logo SIXT Logo SIXT share Logo SIXT ride Logo SIXT+ Logo Corporate Markets North America Discover all the latest news about the North American market. Show more Spain Descubrir las últimas noticias sobre el mercado español. Mostrar más United Kingdom Discover all the latest news about the UK market. Kontakt für Journalisten Mark Schneider Leiter der Sixt SE Unternehmenskommunikation Maximilian Hofmann Pressesprecher der Sixt SE +49 (0) 89 7 44 44 – 6700 [email protected] Hinweis: Für diesen Inhalt ist JavaScript erforderlich.",,,Siemens AG,,2024 2023 News Search Search content Clear Categories Alle Themen Unkategorisiert Produkte SIXT share SIXT van,,,0.5,,included_as_management_legal_representatives,gov.management_legal,management_legal_url_title
508f1903-71e7-4aab-aba6-000fed4d8b7d,13,HIPP HOLDING / HIPP GMBH & CO. VERTRIEB KG,pre_pre_event,2017-07-01,2017-06-29,http://www.hipp.de/ueber-hipp/unternehmen/daten-fakten,https://web.archive.org/web/20170629055008.0id_/http://www.hipp.de/ueber-hipp/unternehmen/daten-fakten,HiPP: Daten & Fakten,corporate_affiliation,"Daten & Fakten Erste Säuglingsnahrung aus dem Stammhaus HiPP 1899 Firmengründung 1932 durch Georg Hipp Gesellschafter Geschäftsführende Gesellschafter: Gesellschafter: Prof. Dr. Claus Hipp, Paulus Hipp Stefan Hipp, Sebastian Hipp und weitere Familienmitglieder Unternehmensphilosophie Herstellung von Produkten in Spitzenqualität und im Einklang mit der Natur Zahl der Beschäftigten ca. 3.500 Produktionsstätten Deutschland, Kroatien, Österreich, Russland, Schweiz, Ukraine, Ungarn wichtige Absatzmärkte Deutschland, Baltikum, Benelux, Bulgarien, Frankreich, Großbritannien, Italien, Kroatien, Österreich, Polen, Russland, Schweiz, Skandinavien, Südafrika, Tschechien, Türkei, Ukraine, Ungarn, weitere ost- und südosteuropäische Länder sowie China, Vietnam und weitere asiatische Länder. Produktbereiche/Artikel Deutschland Säuglings-Milchnahrungen/Breie/Tees: Beikost/Getränke: Babysanft Babypflege/Mamasanft: Säfte/Tees für Schwangere und Stillende: Trink- und Sondennahrung: Insgesamt: 79 202 35 3 17 336 Kundenstruktur Klassischer Lebensmittel-Einzelhandel und Drogerie-Märkte, Apotheken, Drogerien Anschrift HiPP GmbH & Co. Vertrieb KG Georg-Hipp-Straße 7 D-85276 Pfaffenhofen Telefon: +49 (0)8441-757-0 Telefax: +49 (0)8441-757-402 E-Mail: Kontakt Web: www.hipp.de Anfahrtsskizze Das könnte Sie auch interessieren Ausgezeichnet: Preise & Anerkennungen von HiPP im Überblick Historie: Erfahren Sie mehr über unsere Unternehmensgeschichte. Unternehmens-Philosophie: Das macht HiPP aus. Häufig geklickt Nachhaltigkeit Gemüse-Anbau Historie Bio-Siegel Broschüre Bio-Milch Sortiment Media-Center Berichte HiPP im Ausland Karriere Stellenangebote Wer Babys in den Mittelpunkt stellt, trägt große Verantwortung. Deshalb sind unsere Bio-Produkte von ganz besonderer Qualität und gemäß EU-Bio-Verordnung ohne Gentechnik. Mehr zu Nachhaltigkeit bei HiPP erfahren",,,Drogerien Anschrift HiPP GmbH & Co. Vertrieb KG,,,,,0.25,,included_as_corporate_affiliation,gov.affiliation,affiliation_url_title
508f1903-71e7-4aab-aba6-000fed4d8b7d,13,HIPP HOLDING / HIPP GMBH & CO. VERTRIEB KG,pre_event,2019-07-01,2019-06-25,https://www.hipp.de/ueber-hipp/unternehmen/daten-fakten,https://web.archive.org/web/20190625223049.0id_/https://www.hipp.de/ueber-hipp/unternehmen/daten-fakten,Daten & Fakten | HiPP,corporate_affiliation,"Daten & Fakten Erste Säuglingsnahrung aus dem Stammhaus HiPP 1899 Firmengründung 1932 durch Georg Hipp Gesellschafter Geschäftsführende Gesellschafter: Gesellschafter: Prof. Dr. Claus Hipp, Paulus Hipp Stefan Hipp, Sebastian Hipp und weitere Familienmitglieder Unternehmensphilosophie Herstellung von Produkten in Spitzenqualität und im Einklang mit der Natur Zahl der Beschäftigten ca. 3.650 Produktionsstätten Deutschland, Kroatien, Österreich, Russland, Schweiz, Ukraine, Ungarn wichtige Absatzmärkte Deutschland, Baltikum, Benelux, Bulgarien, Frankreich, Großbritannien, Italien, Kroatien, Österreich, Polen, Russland, Schweiz, Skandinavien, Südafrika, Tschechien, Türkei, Ukraine, Ungarn, weitere ost- und südosteuropäische Länder sowie China, Philippinen, Vietnam und weitere asiatische Länder. Produktbereiche Säuglings-Milchnahrungen/Breie/Tees/Müeslis Knabberprodukte/Riegel Kinder 3+ Beikost/Getränke Babysanft Babypflege/Windeln/Mamasanft Säfte/Tees für Schwangere und Stillende Trink- und Sondennahrung Kita- und Kindergartengerichte Kundenstruktur Klassischer Lebensmittel-Einzelhandel und Drogerie-Märkte, Apotheken, Drogerien Das könnte Sie auch interessieren Ausgezeichnet: Preise & Anerkennungen von HiPP im Überblick Historie: Erfahren Sie mehr über unsere Unternehmensgeschichte. Unternehmens-Philosophie: Das macht HiPP aus. Häufig geklickt Nachhaltigkeit Gemüse-Anbau Historie Bio-Siegel Bio-Milch Videos Bio-Rohstoffe Sortiment Media-Center HiPP im Ausland Stellenangebote Karriere Wer Babys in den Mittelpunkt stellt, trägt große Verantwortung. Deshalb sind unsere Bio-Produkte von ganz besonderer Qualität und gemäß EU-Bio-Verordnung ohne Gentechnik. Mehr zu Bio-Qualität und Nachhaltigkeit bei HiPP erfahren",,,,,,,,0.0,raw_text_retained_only,included_as_corporate_affiliation,gov.affiliation,affiliation_url_title
508f1903-71e7-4aab-aba6-000fed4d8b7d,13,HIPP HOLDING / HIPP GMBH & CO. VERTRIEB KG,post_event,2023-07-01,2023-07-04,https://www.hipp.de/ueber-hipp/unternehmen/daten-fakten,https://web.archive.org/web/20230704211555.0id_/https://www.hipp.de/ueber-hipp/unternehmen/daten-fakten,Daten & Fakten | HiPP,corporate_affiliation,"Daten & Fakten Erste Säuglingsnahrung aus dem Stammhaus HiPP 1899 Firmengründung 1932 durch Georg Hipp Gesellschafter Geschäftsführende Gesellschafter: Gesellschafter: Prof. Dr. Claus Hipp, Paulus Hipp Stefan Hipp, Sebastian Hipp und weitere Familienmitglieder Unternehmensphilosophie Herstellung von Produkten in Spitzenqualität und im Einklang mit der Natur Zahl der Beschäftigten ca. 3.200 Produktionsstätten Deutschland, Kroatien, Österreich, Russland, Ukraine, Ungarn wichtige Absatzmärkte Deutschland, Baltikum, Benelux, Bulgarien, Frankreich, Großbritannien, Italien, Kroatien, Mexico, Österreich, Polen, Russland, Schweiz, Skandinavien, Südafrika, Südkorea, Tschechien, Türkei, Ukraine, Ungarn, weitere ost- und südosteuropäische Länder sowie China, Philippinen, Vietnam und weitere asiatische Länder. Produktbereiche Säuglings-Milchnahrungen Breie Tees Beikost / Getränke Bio für Kinder Babysanft Babypflege / Mamasanft / Windeln Säfte / Tees für Schwangere und Stillende Sondennahrung Kundenstruktur Klassischer Lebensmittel-Einzelhandel und Drogerie-Märkte, Apotheken, Drogerien Das könnte Sie auch interessieren Ausgezeichnet: Preise & Anerkennungen von HiPP im Überblick Historie: Erfahren Sie mehr über unsere Unternehmensgeschichte. Unternehmens-Philosophie: Das macht HiPP aus. Viele Vorteile & Geschenke Neu registrieren Jetzt einloggen Häufig geklickt Nachhaltigkeit Gemüse-Anbau Historie Bio-Siegel Bio Milch Videos Bio Rohstoffe Sortiment Media-Center HiPP im Ausland Stellenangebote Karriere Wer Babys in den Mittelpunkt stellt, trägt große Verantwortung. Deshalb sind unsere Bio-Produkte von ganz besonderer Qualität und gemäß EU-Bio-Verordnung ohne Gentechnik. Mehr zu Bio-Qualität und Nachhaltigkeit bei HiPP erfahren",,,,,,,,0.0,raw_text_retained_only,included_as_corporate_affiliation,gov.affiliation,affiliation_url_title
508f1903-71e7-4aab-aba6-000fed4d8b7d,13,HIPP HOLDING / HIPP GMBH & CO. VERTRIEB KG,post_post_event,2025-07-01,2025-07-02,https://www.hipp.de/ueber-hipp/unternehmen/daten-fakten,https://web.archive.org/web/20250702162400.0id_/https://www.hipp.de/ueber-hipp/unternehmen/daten-fakten,Daten & Fakten,corporate_affiliation,"Erste Säuglingsnahrung aus dem Stammhaus HiPP 1899 Firmengründung 1932 durch Georg Hipp Geschäftsführende Gesellschafter Stefan Hipp, Sebastian Hipp Unternehmensphilosophie Herstellung von Produkten in Spitzenqualität und im Einklang mit der Natur Zahl der Beschäftigten ca. 3.200 Produktionsstätten Deutschland, Kroatien, Österreich, Russland, Ukraine, Ungarn wichtige Absatzmärkte Deutschland, Baltikum, Benelux, Bulgarien, Frankreich, Großbritannien, Italien, Kroatien, Mexico, Österreich, Polen, Russland, Schweiz, Skandinavien, Südafrika, Südkorea, Tschechien, Türkei, Ukraine, Ungarn, weitere ost- und südosteuropäische Länder sowie China, Philippinen, Vietnam und weitere asiatische Länder. Produktbereiche Säuglings-Milchnahrungen Breie Tees Beikost / Getränke Bio für Kinder Babysanft Babypflege / Mamasanft / Windeln Säfte / Tees für Schwangere und Stillende Sondennahrung Kundenstruktur Klassischer Lebensmittel-Einzelhandel und Drogerie-Märkte, Apotheken, Drogerien Ausgezeichnet: Preise & Anerkennungen von HiPP im Überblick Historie: Erfahren Sie mehr über unsere Unternehmensgeschichte. Unternehmens-Philosophie: Das macht HiPP aus.",,,,,,,,0.0,raw_text_retained_only,included_as_corporate_affiliation,gov.affiliation,affiliation_url_title
508f1903-71e7-4aab-aba6-000fed4d8b7d,16,HENKEL AG & CO. KGAA,pre_pre_event,2016-07-01,2016-07-02,http://www.henkel.com/company/management-corporate-boards,https://web.archive.org/web/20160702192233.0id_/http://www.henkel.com/company/management-corporate-boards,Management & Corporate Boards,corporate_affiliation,"/resources/213102/46/wp-landscape.css x Please accept our cookies to get the best experience of our website. There are some features that may not work without cookies. To find out more about the cookies we use, visit our cookie information page . Sitemap Contact Imprint Terms of Use Privacy Statement Cookies Note for US Residents My Collection Management & Corporate Boards Close collaboration to drive further success. The Management Board, the Shareholders’ Committee and the Supervisory Board are committed to ensuring that the management and stewardship of the company are conducted in a responsible and transparent manner aligned to achieving a long-term increase in shareholder value. With this in mind, they have pledged themselves to the following three principles: Value creation as the foundation of our management approach Sustainability achieved through the application of socially responsible management principles Transparency supported by an active and open information policy The Management Board, Supervisory Board and Shareholder’s Committee work in close cooperation for the benefit of the company. The Management Board agrees on the strategic direction of the company with the Shareholders’ Committee and discusses with it the status of strategy implementation at regular intervals. In keeping with good corporate management practice, the Management Board informs the Supervisory Board and the Shareholders’ Committee regularly, and in a timely and comprehensive fashion, of all relevant issues concerning business policy, corporate planning, profitability, the business development of the corporation and its major affiliated companies, and also matters relating to risk exposure and risk management. Management Board The Management Board of Henkel Management AG, the sole personally liable partner of Henkel AG & Co. KGaA, is responsible for the management of Henkel’s business. Shareholders' Committee The Shareholders’ Committee is involved in the management of the business on behalf of the Annual General Meeting. Supervisory Board The Supervisory Board is responsible for regularly monitoring and advising the Management Board in its stewardship of the company.",,,s Committee work in close cooperation for the benefit of the company. The Management Board ag,,,,,0.25,,included_as_corporate_affiliation,gov.affiliation,affiliation_url_title
508f1903-71e7-4aab-aba6-000fed4d8b7d,16,HENKEL AG & CO. KGAA,pre_pre_event,2016-07-01,2016-07-02,http://www.henkel.com/company/management-corporate-boards/shareholders-committee,https://web.archive.org/web/20160702192233.0id_/http://www.henkel.com/company/management-corporate-boards/shareholders-committee,Shareholders' Committee,corporate_affiliation,"/resources/213102/46/wp-landscape.css x Please accept our cookies to get the best experience of our website. There are some features that may not work without cookies. To find out more about the cookies we use, visit our cookie information page . Sitemap Contact Imprint Terms of Use Privacy Statement Cookies Note for US Residents My Collection Shareholders’ Committee In addition to a Supervisory Board and in accordance with the statutes, Henkel also has a Shareholders’ Committee. On behalf of the Annual General Meeting, the Shareholder’s Committee is also involved in the management of the businesses. Furthermore, it is responsible for appointing and removing personally liable partners and has power of authority and management authority for the legal relationship between the company and personally liable partner Henkel Management AG. It is also responsible for issuing internal rules of procedure guiding the actions of the Management Board, and for stipulating classes of business transaction that require approval. Dr. Simone Bagel-Trah Chairwoman of the Shareholders’ Committee & Supervisory Board ‏ (99.8 KB) Add to my collection 21876 standard HKDownload Shareholders' Committee of the Henkel AG & Co. KGaA Dr. rer. nat. Simone Bagel-Trah Chair, Private Investor, Düsseldorf Born in 1969 Member since: April 18, 2005 Memberships: Henkel AG & Co. KGaA (Chair) 1 Henkel Management AG (Chair) Bayer AG Heraeus Holding GmbH Dr. rer. pol. h.c. Christoph Henkel Vice-chair, Founding Partner Canyon Equity LLC, London Born in 1958 Member since: May 27, 1991 Prof. Dr. oec. HSG Paul Achleitner Chairman of the Supervisory Board, Deutsche Bank AG, Munich Born in 1956 Member since: April 30, 2001 Daimler AG Deutsche Bank AG (Chair) Boris Canessa Born in 1963 Member since: April 11, 2016 Stefan Hamelmann Member since: May 3, 1999 Prof. Dr. rer. pol. Ulrich Lehner Former Chairman of the Management Board of Henkel KGaA, Düsseldorf Born in 1946 Member since: April 14, 2008 Deutsche Telekom AG (Chair) E.ON SE Porsche Automobil Holding SE ThyssenKrupp AG (Chair) Dr.-Ing. Dr.-Ing. E.h. Norbert Reithofer Chairman of the Supervisory Board of Bayerische Motoren Werke AG, Munich Member since: April 11, 2011 Bayerische Motoren Werke AG (Chair) Siemens AG Jean-François van Boxmeer Chairman of the Executive Board of Heineken N.V., Amsterdam Born in 1961 Member since: April 15, 2013 Mondelez International Inc., USA 2 Konstantin von Unger Founding Partner, Quarton International AG, London Born in 1966 Member since: April 14, 2003 Henkel Management AG Ten Lifestyle Management Ltd., Great Britain Werner Wenning Chairman of the Supervisory Board of Bayer AG, Leverkusen Bayer AG (Chair) E.ON SE (Chair) Freudenberg & Co. KG Subcommittee of the Shareholders' Committee Finance Subcommittee Functions The Finance Committee deals principally with financial matters, accounting issues including the statutory year-end audit, taxation and accounting policy and risk management in the Company. Members Dr. Christoph Henkel, Chair Stefan Hamelmann, Vice-chair Prof. Dr. Paul Achleitner Prof. Dr. Ulrich Lehner Dr. Norbert Reithofer Human Resources Subcommittee The Human Resources Subcommittee deals principally with personnel matters relating to members of the Management Board, issues pertaining to human resources strategy, and with remuneration. Dr. Simone Bagel-Trah, Chair Konstantin von Unger, Vice-chair Membership in statutory supervisory and administrative boards in Germany. Membership of comparable oversight bodies.",,,for the legal relationship between the company and personally liable partner Henkel Management AG,GmbH Dr,"April 18, 2005 Memberships",,,0.75,,included_as_corporate_affiliation,gov.affiliation,affiliation_url_title
508f1903-71e7-4aab-aba6-000fed4d8b7d,16,HENKEL AG & CO. KGAA,pre_event,2018-07-01,2018-07-01,https://www.henkel.com/company/corporate-culture,https://web.archive.org/web/20180701180026.0id_/https://www.henkel.com/company/corporate-culture,Corporate Culture,corporate_affiliation,"Corporate Culture ""Creating sustainable value” is our purpose that unites all of us at Henkel. We want to create value – for our customers and consumers, for our teams and our people, for our shareholders as well as for the wider society and communities, in which we operate. Henkel’s employees will always put their passion, pride and enthusiasm into making this happen. Our corporate culture and our purpose, vision, mission and values unite our diverse workforce and provide a clear framework and guidance. Globally binding behavioral rules are specified in a series of codes. They provide guidance for the behavior and actions of our employees in all our business areas around the world. Open Image in Lightbox Close What connects us Watch our experiment what connects us across different business units and functions! Learn more Purpose Creating sustainable value We want to create value – for our customers and our consumers, for our teams and our people, for our shareholders as well as for the wider society and communities in which we operate. Vision Leading with our innovations, brands and technologies We are the global leader with our adhesives business, offering an unparalleled breadth of technologies serving all global markets and industries. In our consumer businesses, we also hold leading positions in many markets and categories around the world. For us, “leading” exceeds the definition of being the number one in terms of market share or size. While strong positions in attractive markets are important, it takes more to be “leading with innovations, brands and technologies."" It requires leadership in value creation, responsiveness to volatile markets, and changing customer and consumer demands as well as in innovation, quality, service and sustainability. Mission Serving our customers and consumers worldwide as the most trusted partner with leading positions in all relevant markets and categories – as a passionate team united by shared values. Values Our values guide all our actions, decisions and behaviors. Every day, we need to take decisions in a highly volatile environment. At the same time, we are highly diverse. We come from diverse cultural backgrounds, have different experiences and we operate in a broad range of markets and industries. That’s why clear values which are shared, understood and lived by everyone at Henkel are so important for our future success. Customers and Consumers People Financial Performance Sustainability Family Business We put our customers and consumers at the center of what we do. We anticipate, respond to and exceed our customers’ and consumers’ expectations by providing the best value, quality, service and winning innovations, brands and technologies to create sustainable value. We hold our customers and consumers in the highest regard and place them at the center of what we do. This is vital to our long-term success as a company. In order to offer the best products and winning innovations, as well as the highest quality and outstanding service, we need to understand our customers and consumers better than our competitors do. If we succeed in this, we will be able to drive profitable growth with leading positions in all relevant markets and categories globally. We value, challenge and reward our people . We are a global team united by a strong set of values. We treat each other with respect, develop our capabilities and promote diversity in all relevant dimensions. We take personal responsibility, always act with integrity and lead by example. At Henkel, every employee can make a difference. We promote diversity of our employees in all relevant dimensions. Their experiences, knowledge and creativity are the foundation for our competitive advantage. We value, challenge and reward all employees to deliver excellent performance and create sustainable value. Each employee sets a good example, takes personal responsibility for his/her individual development, acts with integrity and performs to high standards. We drive excellent sustainable financial performance We are a performance-driven company, committed to creating sustainable value, delivering excellent financial results and providing a competitive return to our shareholders. We are pursuing our strategic priorities in order to achieve our financial targets and ensure the long-term success of our company. Excellent financial performance and sustainable value creation allow us to act more flexibly in the future, and enable healthy and profitable growth. This will benefit not only our shareholders, but also our employees and the communities in which we operate. We are committed to leadership in sustainability We aim to create sustainable value with everything we do – together with our employees, partners and stakeholders. We take responsibility for the safety and health of our employees, customers and consumers, the protection of the environment and the quality of life in the communities in which we operate. Henkel strives to create a balance between people, planet and profit. A strong commitment to sustainability has always been a major driver of our successful performance. We take a long-term, entrepreneurial approach toward all elements of sustainability, aiming not just to comply with existing standards but also to shape new ones. We shape our future with a strong entrepreneurial spirit based on our family business tradition. We have a proud tradition as a family business with the purpose to create sustainable value. Guided by our values, we pursue our long-term vision for our company. Together with our solid financial basis, this forms the foundation on which we build our successful future. Since Henkel was founded in 1876, the Henkel family has shown its continued commitment to the company, enabling us to operate with a long-term perspective. Our shared values and mutual trust unite us in pursuing a common purpose: to create sustainable value for future generations.",,,,,,,,0.0,raw_text_retained_only,included_as_corporate_affiliation,gov.affiliation,affiliation_url_title
508f1903-71e7-4aab-aba6-000fed4d8b7d,16,HENKEL AG & CO. KGAA,pre_event,2018-07-01,2018-07-01,https://www.henkel.com/company/management-corporate-boards,https://web.archive.org/web/20180701180026.0id_/https://www.henkel.com/company/management-corporate-boards,Management & Corporate Boards,corporate_affiliation,"Management & Corporate Boards Close collaboration to drive further success. The Management Board, the Shareholders’ Committee and the Supervisory Board are committed to ensuring that the management and stewardship of the company are conducted in a responsible and transparent manner aligned to achieving a long-term increase in shareholder value. With this in mind, they have pledged themselves to the following three principles: Value creation as the foundation of our management approach Sustainability achieved through the application of socially responsible management principles Transparency supported by an active and open information policy The Management Board, Supervisory Board and Shareholder’s Committee work in close cooperation for the benefit of the company. The Management Board agrees on the strategic direction of the company with the Shareholders’ Committee and discusses with it the status of strategy implementation at regular intervals. In keeping with good corporate management practice, the Management Board informs the Supervisory Board and the Shareholders’ Committee regularly, and in a timely and comprehensive fashion, of all relevant issues concerning business policy, corporate planning, profitability, the business development of the corporation and its major affiliated companies, and also matters relating to risk exposure and risk management. Management Board The Management Board of Henkel Management AG, the sole personally liable partner of Henkel AG & Co. KGaA, is responsible for the management of Henkel’s business. Learn more Shareholders' Committee The Shareholders’ Committee is involved in the management of the business on behalf of the Annual General Meeting. Supervisory Board The Supervisory Board is responsible for regularly monitoring and advising the Management Board in its stewardship of the company.",,,s Committee work in close cooperation for the benefit of the company. The Management Board ag,,,,,0.25,,included_as_corporate_affiliation,gov.affiliation,affiliation_url_title
508f1903-71e7-4aab-aba6-000fed4d8b7d,16,HENKEL AG & CO. KGAA,pre_event,2018-07-01,2018-07-01,https://www.henkel.com/company/management-corporate-boards/shareholders-committee,https://web.archive.org/web/20180701180026.0id_/https://www.henkel.com/company/management-corporate-boards/shareholders-committee,Shareholders' Committee,corporate_affiliation,"Shareholders’ Committee In addition to a Supervisory Board and in accordance with the statutes, Henkel also has a Shareholders’ Committee. On behalf of the Annual General Meeting, the Shareholder’s Committee is also involved in the management of the businesses. Furthermore, it is responsible for appointing and removing personally liable partners and has power of authority and management authority for the legal relationship between the company and personally liable partner Henkel Management AG. It is also responsible for issuing internal rules of procedure guiding the actions of the Management Board, and for stipulating classes of business transaction that require approval. Dr. Simone Bagel-Trah Chairwoman of the Shareholders’ Committee & Supervisory Board pdf ‏ (149.61 KB) Add to my collection 21876 standard HKDownload Shareholders' Committee of the Henkel AG & Co. KGaA Dr. rer. nat. Simone Bagel-Trah Chairwoman Private Investor, Düsseldorf Member since: April 18, 2005 853382 Dr. rer. pol. h.c. Christoph Henkel Vice Chairman Founding Member of Canyon Equity LLC, London Member since: May 27, 1991 (139.93 KB) 853364 Prof. Dr. oec. HSG Paul Achleitner Chairman of the Supervisory Board of Deutsche Bank AG, Munich Member since: April 30, 2001 (129.37 KB) 853374 Johann-Christoph Frey Private Investor, Klosters (Switzerland) Member since: April 9, 2018 (137.79 KB) 853368 Stefan Hamelmann Member since: May 3, 1999 (139.55 KB) 853376 Prof. Dr. rer. pol. Ulrich Lehner Former Chairman of the Management Board of Henkel KGaA, Düsseldorf Member since: April 14, 2008 (140.5 KB) 853378 Dr.-Ing. Dr.-Ing. E.h. Norbert Reithofer Chairman of the Supervisory Board of Bayerische Motoren Werke Aktiengesellschaft (BMW), Munich Member since: April 11, 2011 (147.85 KB) 853372 Jean Francois van Boxmeer Chairman of the Executive Board of Heineken N.V., Amsterdam Member since: April 15, 2013 (136.82 KB) 853366 Konstantin von Unger Managing Director CKA Capital Ltd., London Member since: April 14, 2003 (134.87 KB) 853370 Werner Wenning Chairman of the Supervisory Board of Bayer AG, Leverkusen (151.25 KB) 853380 Subcommittee of the Shareholders' Committee Finance Subcommittee Functions The Finance Committee deals principally with financial matters, accounting issues including the statutory year-end audit, taxation and accounting policy and risk management in the Company. Members Dr. Christoph Henkel, Chair Stefan Hamelmann, Vice-chair Prof. Dr. Paul Achleitner Prof. Dr. Ulrich Lehner Dr. Norbert Reithofer Human Resources Subcommittee The Human Resources Subcommittee deals principally with personnel matters relating to members of the Management Board, issues pertaining to human resources strategy, and with remuneration. Dr. Simone Bagel-Trah, Chair Konstantin von Unger, Vice-chair Johann-Christoph Frey (since April 9, 2018) Jean-François van Boxmeer",CKA Capital Ltd,,for the legal relationship between the company and personally liable partner Henkel Management AG,,,,,0.5,,included_as_corporate_affiliation,gov.affiliation,affiliation_url_title
508f1903-71e7-4aab-aba6-000fed4d8b7d,16,HENKEL AG & CO. KGAA,event,2020-07-01,2020-07-01,https://www.henkel.com/company/management-corporate-boards,https://web.archive.org/web/20200701184241.0id_/https://www.henkel.com/company/management-corporate-boards,Management & Corporate Boards,corporate_affiliation,"Management & Corporate Boards Close collaboration to drive further success. The Management Board, the Shareholders’ Committee and the Supervisory Board are committed to ensuring that the management and stewardship of the company are conducted in a responsible and transparent manner aligned to achieving a long-term increase in shareholder value. With this in mind, they have pledged themselves to the following three principles: Value creation as the foundation of our management approach Sustainability achieved through the application of socially responsible management principles Transparency supported by an active and open information policy The Management Board, Supervisory Board and Shareholder’s Committee work in close cooperation for the benefit of the company. The Management Board agrees on the strategic direction of the company with the Shareholders’ Committee and discusses with it the status of strategy implementation at regular intervals. In keeping with good corporate management practice, the Management Board informs the Supervisory Board and the Shareholders’ Committee regularly, and in a timely and comprehensive fashion, of all relevant issues concerning business policy, corporate planning, profitability, the business development of the corporation and its major affiliated companies, and also matters relating to risk exposure and risk management. Management Board The Management Board of Henkel Management AG, the sole personally liable partner of Henkel AG & Co. KGaA, is responsible for the management of Henkel’s business. Learn more Shareholders' Committee The Shareholders’ Committee is involved in the management of the business on behalf of the Annual General Meeting. Supervisory Board The Supervisory Board is responsible for regularly monitoring and advising the Management Board in its stewardship of the company.",,,s Committee work in close cooperation for the benefit of the company. The Management Board ag,,,,,0.25,,included_as_corporate_affiliation,gov.affiliation,affiliation_url_title
508f1903-71e7-4aab-aba6-000fed4d8b7d,16,HENKEL AG & CO. KGAA,post_event,2022-07-01,2022-07-01,https://www.henkel.com/company/management-corporate-boards,https://web.archive.org/web/20220701011748.0id_/https://www.henkel.com/company/management-corporate-boards,Management & Corporate Boards,corporate_affiliation,"Management & Corporate Boards Close collaboration to drive further success. The Management Board, the Shareholders’ Committee and the Supervisory Board are committed to ensuring that the management and stewardship of the company are conducted in a responsible and transparent manner aligned to achieving a long-term increase in shareholder value. With this in mind, they have pledged themselves to the following three principles: Value creation as the foundation of our management approach Sustainability achieved through the application of socially responsible management principles Transparency supported by an active and open information policy The Management Board, Supervisory Board and Shareholder’s Committee work in close cooperation for the benefit of the company. The Management Board agrees on the strategic direction of the company with the Shareholders’ Committee and discusses with it the status of strategy implementation at regular intervals. In keeping with good corporate management practice, the Management Board informs the Supervisory Board and the Shareholders’ Committee regularly, and in a timely and comprehensive fashion, of all relevant issues concerning business policy, corporate planning, profitability, the business development of the corporation and its major affiliated companies, and also matters relating to risk exposure and risk management. Management Board The Management Board of Henkel Management AG, the sole personally liable partner of Henkel AG & Co. KGaA, is responsible for the management of Henkel’s business. Learn more Shareholders' Committee The Shareholders’ Committee is involved in the management of the business on behalf of the Annual General Meeting. Supervisory Board The Supervisory Board is responsible for regularly monitoring and advising the Management Board in its stewardship of the company.",,,s Committee work in close cooperation for the benefit of the company. The Management Board ag,,,,,0.25,,included_as_corporate_affiliation,gov.affiliation,affiliation_url_title
508f1903-71e7-4aab-aba6-000fed4d8b7d,19,HERAEUS GROUP,pre_pre_event,2009-07-01,2008-10-12,http://www.heraeus.com/de/imprint.aspx,https://web.archive.org/web/20081012131838.0id_/http://www.heraeus.com/de/imprint.aspx,Heraeus Holding - Impressum,legal_notice,"Impressum Heraeus Holding GmbH Heraeusstraße 12-14 63450 Hanau Deutschland Tel.: +49 (0) 6181/35-0 E-Mail: pr@heraeus.com Vorsitzender des Aufsichtsrates: Dr. Jürgen Heraeus Geschäftsführer: Dr. Frank Heinricht (Vors.), Jan Rinnert Verantwortlicher gemäß § 55 Abs. 2 RStV: Martina Rauch, Konzernkommunikation, Heraeusstraße 12-14, 63450 Hanau Sitz der Gesellschaft: Hanau Registergericht: Amtsgericht Hanau Registernummer: HRB 3364 Umsatzsteueridentifikationsnummer DE 113524617 Anmerkung: Um sprachlich klar und unbürokratisch zu sein, verwenden wir auf unseren Webseiten nur die männliche Form. Gemeint sind selbstverständlich immer auch Personen weiblichen Geschlechts. Konzeption, Design und Realisierung: stoll & fischbach eBusiness SF eBusiness GmbH Kalkofenstraße 51 D-71083 Herrenberg www.sfebusiness.com",Dr,,Impressum Heraeus Holding GmbH,GmbH Heraeusstraße 12-14 63450 Hanau Deutschland Tel,-14 63450 Hanau Deutschland Tel.,3364 Umsatzsteueridentifikationsnummer D,identifikationsnummer DE 113524617 Anmer,1.0,,included_as_legal_notice,gov.impressum_path,legal_notice_url_title
508f1903-71e7-4aab-aba6-000fed4d8b7d,21,FREUDENBERG GROUP,post_post_event,2016-07-01,2017-07-03,http://www.freudenberg.com/company/company-structure,https://web.archive.org/web/20170703095236.0id_/http://www.freudenberg.com/company/company-structure,Freudenberg - Company Structure,corporate_affiliation,"Freudenberg sees itself as an enterprise of entrepreneurs. Operational business is in the hands of independent companies whose management conducts business under their own responsibility. These individual companies in turn belong to Business Groups. Freudenberg has two parent companies: Freudenberg & Co. Kommanditgesellschaft (Freudenberg & Co. KG), Weinheim, Germany, is the strategic parent company; Freudenberg SE , Weinheim, Germany, is the parent company with responsibility for managing business operations. The corporate bodies of Freudenberg & Co. KG are the Management Board, the Board of Partners and the General Meeting. The corporate bodies of Freudenberg SE are the Board of Management, the Supervisory Board and the Shareholder’s Meeting. The Management Board of Freudenberg & Co. KG and the Board of Management of Freudenberg SE have the same members. This also applies to the Board of Partners of Freudenberg & Co. KG and the Supervisory Board of Freudenberg SE. Freudenberg is a family company and is currently owned by some 320 heirs to the founding father Carl Johann Freudenberg .",,,Freudenberg & Co. KG,with responsibility for managing business operations,,,,0.5,,included_as_corporate_affiliation,gov.affiliation,affiliation_url_title
508f1903-71e7-4aab-aba6-000fed4d8b7d,23,VAILLANT GROUP,pre_pre_event,2014-07-01,2014-09-02,http://www.vaillant-group.com/gruppe/organisation/aufsichtsrat,https://web.archive.org/web/20140902193759.0id_/http://www.vaillant-group.com/gruppe/organisation/aufsichtsrat,Vaillant Group » 404 - Seite nicht gefunden / Page not found,management_legal_representatives,"Nicht gefunden / Not found Seite nicht gefunden / Page not found Leider konnte der gewünschte Inhalt nicht gefunden werden. Bitte schauen Sie in unserer Sitemap nach oder verwenden Sie unsere Suchfunktion . We're really sorry, but we couldn't find the page you are looking for. Please try our or search our site using our Search function",,,,,,,,0.0,raw_text_retained_only,included_as_management_legal_representatives,gov.management_legal,management_legal_url_title
508f1903-71e7-4aab-aba6-000fed4d8b7d,23,VAILLANT GROUP,pre_pre_event,2014-07-01,2014-09-02,http://www.vaillant-group.com/gruppe/organisation/geschaeftsfuehrung,https://web.archive.org/web/20140902193759.0id_/http://www.vaillant-group.com/gruppe/organisation/geschaeftsfuehrung,Vaillant Group » 404 - Seite nicht gefunden / Page not found,management_legal_representatives,"Nicht gefunden / Not found Seite nicht gefunden / Page not found Leider konnte der gewünschte Inhalt nicht gefunden werden. Bitte schauen Sie in unserer Sitemap nach oder verwenden Sie unsere Suchfunktion . We're really sorry, but we couldn't find the page you are looking for. Please try our or search our site using our Search function",,,,,,,,0.0,raw_text_retained_only,included_as_management_legal_representatives,gov.management_legal,management_legal_url_title
508f1903-71e7-4aab-aba6-000fed4d8b7d,23,VAILLANT GROUP,pre_event,2016-07-01,2016-06-17,http://www.vaillant-group.com/impressum-1-368494.en_gb.html,https://web.archive.org/web/20160617021527.0id_/http://www.vaillant-group.com/impressum-1-368494.en_gb.html,Vaillant Group - Legal notice,impressum,"Legal notice Provider Vaillant GmbH Berghauser Str. 40 42859 Remscheid, Germany Phone: +49 2191 180 Ltd. company Registered: Remscheid Registry court: Amtsgericht Wuppertal HRB 11775 Managing Directors: Dr. Carsten Voigtländer (CEO), Dr. Andree Groos, Dr. Dietmar Meister, Dr. Norbert Schiedeck Chairman of the Supervisory Board: Dr Matthias Blaum VAT Ident. no. DE 811142240 Responsible Dr Jens Wichtermann Head of Corporate Communications D-42850 Remscheid E-Mail: jens.wichtermann@vaillant.de Design UDG United Digital Group GmbH Data protection Our websites are maintained in different countries around the world and are intended for visitors from those countries. If you give us personal information, that information will be stored and used in accordance with the laws of the country in which the website is maintained. You should look for specific privacy information on the respective websites. As of 1 January 2013 we are bound to publish a pump spares list (7599 kB) . Please note the following important notes, that are available in further languages (52 kB) : Improper installation of a spare part can cause damage. These parts should only be installed by a specialist! Ensure that you read the installation and operating instructions that are included with the device first! These lists do not replace the spare part catalogues; these remain valid in each case. Always choose the right spare part from the current spare part catalogue! We reserve the right to make changes at any time. Since January 1, 2013 pumps in heating systems are also rated with the Energy Efficiency Index (EEI). This number gives a comparative value for the energy consumption of a pump. The efficiency index of a usual pump is some 0.8. Since January 1, 2013 standalone pumps in heating systems shall be more efficient with EEI ≤ 0,27. For that, the energy consumption will be reduced by at least 65% less compared to a standard pump. From August 1, 2015 the limit will be decreased down to EE < 0,23. Than the requirements will also be valid for pumps related to a heat generator and for brine pumps. The benchmark for the most efficient circulators is EEI ≤ 0,20. Please find the benchmark in other languages as PDF (34 kB) Finally from 1 January 2013 information concerning disassembly, recycling, or disposal at end-of-life of components and materials, shall be made available for treatment facilities on standalone circulators and on circulators integrated in Products. Please find in the PDF table information on the recyclability (34 kB) . This information is available in other languages as PDF (50 kB) Copyrights © Vaillant GmbH Berghauser Str. 40 , D-42859 Remscheid, Germany. All rights reserved. The text, images, graphics, sound files, animation files, video files, and their arrangement on the Vaillant Group website are all subject to copyright and other intellectual property protection. These objects may not be copied for commercial use or distribution, nor may these objects be modified or reposted to other sites. Some Vaillant websites may contain images whose copyrights are attributable to third parties. Trademarks Unless otherwise indicated, all trademarks on this website are subject to trademark rights of Vaillant GmbH, including marks, model names, logos, and emblems. Warranties and liability The information on these websites is provided “as is” and without warranty of any kind, expressed or implied, including (but not limited to) any implied warranties of merchantability, fitness for any particular purpose, or noninfringement of third party rights. While the information provided is believed to be accurate, it may include errors or inaccuracies. In no event shall Vaillant GmbH be liable to any person for any special, indirect or consequential damages relating to this material, unless caused by gross negligence or intentional misconduct. Vaillant GmbH is not responsible for the contents of websites that are maintained by third parties and therefore waives its liability for any links from this website to other websites. Licences The Vaillant GmbH has sought to achieve an innovative and informative website. However, you also need to understand that the Vaillant GmbH must protect its intellectual property, including its patents, trademarks, and copyrights. Accordingly, please appreciate that no license to use the intellectual property of Vaillant GmbH companies or the intellectual property of third parties has been granted by this website.",Dr,,Legal notice Provider Vaillant GmbH,,Legal notice Provider Vaillant GmbH Berghauser Str. 40 42859 Remscheid,11775 Managing Directors,,1.0,,included_as_impressum,gov.impressum_path,impressum_url_title
508f1903-71e7-4aab-aba6-000fed4d8b7d,24,VIESSMANN CLIMATE SOLUTIONS / VIESSMANN GROUP,post_event,2025-07-01,2025-06-20,https://viessmann.com/en/imprint.html,https://web.archive.org/web/20250620033927.0id_/https://viessmann.com/en/imprint.html,Imprint,legal_notice,"Imprint and legal notice Viessmann Generations Group GmbH & Co. KG Im Birkenried 1 35088 Battenberg (Eder) Deutschland Telefon +49 6452 9296 000 E-Mail: info@viessmann.com General partners: Viessmann Komplementär B.V., Venlo (NL) entered into the commercial register (Kamer van Koophandel) represented by the board of directors: Prof. Dr. Martin Viessmann (Chairman of the Board), Maximilian Viessmann (CEO), Frauke von Polier (CPO) as well as the Viessmann Werke Beteiligungs OHG, Battenberg (Eder) entered into the commercial register Amtsgericht Marburg. Registered office: Battenberg (Eder) Registr court: AG Marburg (Lahn), HRA 3389 VAT-IdNr.: DE111845525 Disclaimer The Viessmann websites were created with all possible care. Nevertheless, Viessmann cannot guarantee that the given information is free from error or inaccuracy. Viessmann excludes all liability for losses which may be directly or indirectly the result of using this website, insofar as such losses are not the direct result of deliberate or negligent actions by Viessmann. Viessmann retains the right to change the contents of its website without reservation, at any time and without prior notification. Viessmann is not liable for the data protection strategy or for the contents of websites linked to the Viessmann website. Information on dispute resolution before consumer arbitration bodies Viessmann does not participate in a dispute resolution procedure before a consumer arbitration body and is not obliged to do so. Use of image material The copyright for the majority of the photographic material used is held by Viessmann Generations Group GmbH & Co. KG. Any further use of the pictorial material must be authorised by Viessmann Generations Group GmbH & Co. KG must be agreed in writing. To do so, please send an e-mail to info@viessmann.com . Selected pictorial material was purchased in addition. Special thanks go to Unsplash, Rawpixel, Plainpicture, istock, Pixabay, Getty Images and Shutterstock for providing images and graphics.",,the board of directors: Prof,Imprint and legal notice Viessmann Generations Group GmbH & Co. KG,,Co. KG Im Birkenried 1 35088 Battenberg,3389 VAT-IdNr,,1.0,,included_as_legal_notice,gov.impressum_path,legal_notice_url_title
508f1903-71e7-4aab-aba6-000fed4d8b7d,30,DR. AUGUST OETKER KG / OETKER-GRUPPE,post_event,2023-07-01,2024-07-20,https://www.oetker-gruppe.de/de_DE/impressum,https://web.archive.org/web/20240720130831.0id_/https://www.oetker-gruppe.de/de_DE/impressum,Impressum | Oetker-Gruppe,impressum,"Dr. August Oetker KG ⁠Holding der Oetker-Gruppe ⁠Lutterstraße 14 ⁠33617 Bielefeld Germany presse@oetker.de ⁠www.oetker-gruppe.de ⁠Telefon: +49 (0) 521 155 0 ⁠Fax: +49 (0) 521 155 2995 Handelsregister Amtsgericht Bielefeld HRA 8242 ⁠Ust. Id. Nr.: DE123999982 Vertretungsberechtigter i.S.d. § 5 DDG (Digitale-Dienste-Gesetz): Dr. Jörg Schillinger ⁠Leiter Hauptabteilung Öffentlichkeitsarbeit ⁠joerg.schillinger@oetker.de Information zur Verbraucherschlichtung: Die Dr. August Oetker KG ist weder bereit noch verpflichtet, an Streitbeilegungsverfahren vor einer Verbraucherschlichtungsstelle teilzunehmen.",,er i,Dr. August Oetker KG,der Oetker-Gruppe ⁠Lutterstraße 14 ⁠33617 Bielefeld Germany presse@oetker,155 2995 Handelsregister Amtsgericht Bielefeld HRA,Amtsgericht Bielefeld HRA 8242,,1.0,,included_as_impressum,gov.impressum_path,impressum_url_title
508f1903-71e7-4aab-aba6-000fed4d8b7d,30,DR. AUGUST OETKER KG / OETKER-GRUPPE,post_post_event,2025-07-01,2024-11-10,https://www.oetker-gruppe.de/de/footer-meta/impressum,https://web.archive.org/web/20241110181644.0id_/https://www.oetker-gruppe.de/de/footer-meta/impressum,Impressum - Footer-Meta | Dr. Oetker,impressum,"Impressum Anbieterin und verantwortlich für den Inhalt dieser Internetseiten: Dr. August Oetker KG Holding der Oetker-Gruppe Lutterstraße 14 33617 Bielefeld Germany presse@oetker.de www.oetker-gruppe.de Telefon: +49 (0) 521 155 0 Fax: +49 (0) 521 155 2995 Handelsregister Amtsgericht Bielefeld HRA 8242 Ust. Id. Nr.: DE123999982 Vertretungsberechtigter i.S.d. § 5 TMG: Dr. Jörg Schillinger Leiter Hauptabteilung Öffentlichkeitsarbeit joerg.schillinger@oetker.de Information zur Verbraucherschlichtung: Die Dr. August Oetker KG ist weder bereit noch verpflichtet, an Streitbeilegungsverfahren vor einer Verbraucherschlichtungsstelle teilzunehmen. zurück Tracking-Einwilligung Wir würden uns über die Zustimmung freuen, dass wir und unsere Partner Cookies und ähnliche Technologien einsetzen, um zu verstehen, wie unsere Website benutzt wird. So können wir das Nutzerverhalten besser verstehen und unsere Website entsprechend anpassen. Außerdem möchten wir und auch unsere Partner auf ihren Plattformen diese Daten für personalisierte Angebote nutzen. Wenn Sie hiermit einverstanden sind, klicken Sie bitte auf ""Einverstanden"". Ihr Einverständnis umfasst dabei ausdrücklich auch eine mögliche Datenübermittlung in die USA im Sinne von Art. 49 DSGVO. Genaue Informationen finden Sie in unserer Datenschutzerklärung, hier sind auch Technologieanbieter und Partner mit einer möglichen Datenverarbeitung in den USA benannt. Sie können sich jederzeit umentscheiden. Einverstanden Detail-Auswahl Ablehnen Auswahl bestätigen Notwendige Funktionen Diese Cookies und ähnliche Technologien benötigen wir, um die grundlegenden Funktionen unserer Webseite zu ermöglichen. Dies umfasst zum Beispiel das Speichern dieser Einstellungen. Dies ist zwingend notwendig, sodass Sie dies nicht ausschalten können. immer aktiv Analyse & Personalisierung Darüber hinaus möchten wir gerne mehr darüber lernen, wie Sie unsere Webseite nutzen, um diese für Sie und andere Nutzer zu optimieren. Dazu setzen wir Cookies und ähnliche Technologien ein, die das Nutzerverhalten abbilden und uns damit helfen, unser Angebot für Sie zu verbessern. Wir setzen dabei auch Technologieanbieter ein, bei denen eine Verarbeitung Ihrer Daten in den USA möglich ist. Hierbei besteht insbesondere das Risiko, dass US-Sicherheitsbehörden anlasslos und in großem Maßstab auf Ihre Daten zugreifen und Sie hiergegen in den USA nicht wirksam rechtlich vorgehen können. aktiv Inaktiv Marketing / Datennutzung durch Partner Damit wir auch unsere Marketing-Kampagnen voll und ganz an Ihren Bedürfnissen ausrichten können, erfassen wir, wie Sie auf unsere Webseite kommen und wie Sie mit unseren Werbeanzeigen interagieren. Das hilft uns nicht nur unsere Anzeigen, sondern auch unsere Inhalte für Sie noch besser zu machen. Unsere Marketing-Partner verwenden diese Daten auch noch für ihre Zwecke, z.B. um Ihren Account bzw. Ihr Profil auf ihrer Plattform zu personalisieren. Wir arbeiten dabei auch mit Partnern zusammen, bei denen eine Verarbeitung Ihrer Daten in den USA möglich ist. Hierbei besteht insbesondere das Risiko, dass US-Sicherheitsbehörden anlasslos und in großem Maßstab auf Ihre Daten zugreifen und Sie hiergegen in den USA nicht wirksam rechtlich vorgehen können.",,er i,Dr. August Oetker KG,der Oetker-Gruppe Lutterstraße 14 33617 Bielefeld Germany presse@oetker,Dr. August Oetker KG Holding der Oetker-Gruppe Lutterstraße 14 33617 Bielefeld Germany presse,Amtsgericht Bielefeld HRA 8242 Ust,,1.0,,included_as_impressum,gov.impressum_path,impressum_url_title
