run_id,firm_id,company,relative_timepoint,target_date,selected_capture_date,original_archived_url,wayback_replay_url,document_title,extracted_text,managing_directors_raw,legal_representatives_raw,legal_entity_raw,parent_company_raw,registered_address_raw,registration_number_raw,vat_id_raw,extraction_confidence,extraction_notes
c956bd4e-2b8a-4c48-8780-c187587f46b3,2,PETER-LACKE HOLDING GMBH,pre_pre_event,2011-07-01,2011-07-09,http://www.peter-lacke.de/deu/peter-lacke/unternehmen/unternehmen.html,https://web.archive.org/web/20110709094353.0id_/http://www.peter-lacke.de/deu/peter-lacke/unternehmen/unternehmen.html,"Peter-Lacke - 
		PETER-LACKE   Farbe & mehr","Unternehmen - Peter-Lacke Wir sind ein operativ ausgerichtetes Mittelstandsunternehmen mit eigener Entwicklung und Produktion von Lacksystemen. Der Erfolg basiert auf der direkten und fachlichen Kommunikation mit unseren Kunden. Die damit verbundene Reaktionsschnelligkeit erlaubt uns zeitnahe Lösungen zu präsentieren und uns vor dem Wettbewerb zu positionieren. Wir begleiten Ihr Produkt auf dem gesamten Weg von der Idee bis zur Marktreife. Die globale Vernetzung mit eigenen Niederlassungen und Systempartnern gewährleistet gleichbleibende Qualitätsstandards und Versorgungssicherheit. Erst die Aufgabenstellung aus der Praxis macht uns zum Technologieführer an der Basis des Geschehens. Peter-Lacke - weltweit verbunden und praxisorientiert Ziel & Weg Unsere Schnelligkeit und Treffsicherheit sind verlässliche Faktoren, weil wir den Fokus auf Ihre Zielvorstellung richten. Der Weg dorthin kann unterschiedlich sein – entscheidend ist einzig Ihr Ziel. Wir erreichen diese Alleinstellung, weil wir die Kernaufgaben Beratung, Entwicklung, Labortests und Dokumentation hausintern leisten Mensch & Team Wir arbeiten interdisziplinär zusammen. Vom Fachberater im Außendienst, über die Forschung, Disposition bis hin zur Produktion schaut jeder auch außerhalb seines Tellerrandes. So verringern wir interne Fehler und erhalten unsere Schnelligkeit aufrecht. Fast die Hälfte unseres Teams ist in der Forschung und Entwicklung beschäftigt. Dieser Bereich teilt sich auf in Grundlagenforschung und kundenspezifische Entwicklung. Eine schlagkräftige Kombination! Qualität & Zertifikat Das lückenlose und zertifizierte Qualitätsmanagement leben wir jeden Tag. Besonderen Wert legen wir auf die unmissverständliche Kommunikation mit Ihnen. Deshalb beginnt unser Qualitätsanspruch bei der fachlichen Beratung durch unsere Anwendungstechniker. Tradition & Innovation Wer mit Ausdauer und Beharrlichkeit innovativ und marktnah agiert, wird irgendwann auf eine Tradition zurückblicken dürfen. Für Peter-Lacke gilt das seit über 100 Jahren.",,,Tradition & Innovation Wer mit Ausdauer und Beharrlichkeit innovativ und marktnah ag,,,,,0.25,
c956bd4e-2b8a-4c48-8780-c187587f46b3,2,PETER-LACKE HOLDING GMBH,pre_pre_event,2011-07-01,2011-07-09,http://www.peter-lacke.de/deu/peter-lacke/unternehmen/peter-lacke/peter-lacke.html,https://web.archive.org/web/20110709094353.0id_/http://www.peter-lacke.de/deu/peter-lacke/unternehmen/peter-lacke/peter-lacke.html,"Peter-Lacke - 
		PETER-LACKE   Farbe & mehr","Unternehmen - Peter-Lacke Wir sind ein operativ ausgerichtetes Mittelstandsunternehmen mit eigener Entwicklung und Produktion von Lacksystemen. Der Erfolg basiert auf der direkten und fachlichen Kommunikation mit unseren Kunden. Die damit verbundene Reaktionsschnelligkeit erlaubt uns zeitnahe Lösungen zu präsentieren und uns vor dem Wettbewerb zu positionieren. Wir begleiten Ihr Produkt auf dem gesamten Weg von der Idee bis zur Marktreife. Die globale Vernetzung mit eigenen Niederlassungen und Systempartnern gewährleistet gleichbleibende Qualitätsstandards und Versorgungssicherheit. Erst die Aufgabenstellung aus der Praxis macht uns zum Technologieführer an der Basis des Geschehens. Peter-Lacke - weltweit verbunden und praxisorientiert Ziel & Weg Unsere Schnelligkeit und Treffsicherheit sind verlässliche Faktoren, weil wir den Fokus auf Ihre Zielvorstellung richten. Der Weg dorthin kann unterschiedlich sein – entscheidend ist einzig Ihr Ziel. Wir erreichen diese Alleinstellung, weil wir die Kernaufgaben Beratung, Entwicklung, Labortests und Dokumentation hausintern leisten Mensch & Team Wir arbeiten interdisziplinär zusammen. Vom Fachberater im Außendienst, über die Forschung, Disposition bis hin zur Produktion schaut jeder auch außerhalb seines Tellerrandes. So verringern wir interne Fehler und erhalten unsere Schnelligkeit aufrecht. Fast die Hälfte unseres Teams ist in der Forschung und Entwicklung beschäftigt. Dieser Bereich teilt sich auf in Grundlagenforschung und kundenspezifische Entwicklung. Eine schlagkräftige Kombination! Qualität & Zertifikat Das lückenlose und zertifizierte Qualitätsmanagement leben wir jeden Tag. Besonderen Wert legen wir auf die unmissverständliche Kommunikation mit Ihnen. Deshalb beginnt unser Qualitätsanspruch bei der fachlichen Beratung durch unsere Anwendungstechniker. Tradition & Innovation Wer mit Ausdauer und Beharrlichkeit innovativ und marktnah agiert, wird irgendwann auf eine Tradition zurückblicken dürfen. Für Peter-Lacke gilt das seit über 100 Jahren.",,,Tradition & Innovation Wer mit Ausdauer und Beharrlichkeit innovativ und marktnah ag,,,,,0.25,
c956bd4e-2b8a-4c48-8780-c187587f46b3,2,PETER-LACKE HOLDING GMBH,pre_pre_event,2011-07-01,2011-07-09,http://www.peter-lacke.de/deu/peter-lacke/unternehmen/unternehmensgruppe/unternehmensgruppe.html,https://web.archive.org/web/20110709094353.0id_/http://www.peter-lacke.de/deu/peter-lacke/unternehmen/unternehmensgruppe/unternehmensgruppe.html,"Unternehmensgruppe - 
		PETER-LACKE   Farbe & mehr","Unternehmen - Unternehmensgruppe Die PETER-LACKE Unternehmensgruppe ist bereits in der 4. Generation inhabergeführt. Die damit verbundenen schnellen Entscheidungsprozesse und die kurzen Wege in der Gesamtorganisation sind für Geschäftsführer Andreas Peter von großer Bedeutung. Farbe bekennen Wir sind uns der Verantwortung gegenüber unseren Partnern, Mitarbeitern und der Gesellschaft bewusst. Gespür für Menschen und Märkte, Sachkenntnis und Wagemut bestimmen unsere Denk- und Handelsweisen. Wir werden die internationale Ausrichtung der Gruppe weiter ausbauen, Standorte sichern und weitere Märkte erschließen. Unternehmensdaten Zentrale in Hiddenhausen, Deutschland Hauptsitz Hiddenhausen, Deutschland Beschäftige 240 Jahresumsatz ca. 40 Mio. EUR Exportquote über 50% Kompetenz und solides Wachstum seit 1906 Firmenchronik 1906 Gründung als Malergeschäft und Möbellackiererei durch Ernst Peter und Sohn Wilhelm 1920 Start der eigenen Produktion als ""Lack- Oelfarben- und Kittfabrik"" 1945 PEHAZELL-NV-Lacke / PEHALUX-Kunstharzlacke 1950 PEHADUR-Einbrennlacke 1960 Umzug nach Hiddenhausen-Schweicheln. PEHAPOL-2K-Lacke. 1978 Andreas Peter wird Geschäftsführer. PEHACRYL-Kunststoff-Lacke. 1980 Lacksysteme für die Automobilindustrie 1990 PEHALUX-UV-Lacke für Holz und Kunststoff, Entwicklungen für Flachglas und Hohlglas 2000 Einsatz von Nanotechnologie bei Wasserlacken 2006 100 Jahre PETER-LACKE Die Geschäftsführer Ernst Peter 1853 - 1929 Wilhelm Peter 1878 - 1948 E. H. Peter Andreas Peter zur Bildergalerie",Andreas Peter von großer Bedeutung,,,,,,,0.25,
c956bd4e-2b8a-4c48-8780-c187587f46b3,2,PETER-LACKE HOLDING GMBH,pre_pre_event,2011-07-01,2011-07-09,http://www.peter-lacke.de/deu/peter-lacke/impressum/impressum.html,https://web.archive.org/web/20110709094353.0id_/http://www.peter-lacke.de/deu/peter-lacke/impressum/impressum.html,"Impressum - 
		PETER-LACKE   Farbe & mehr","PETER-LACKE Farbe & mehr Direkt zum Hauptmenü, zum Inhalt. Servicemenü Select language Deutsch English Español Polski Русский 中文 PR Bereich | Karriere | Kontakt | Impressum Standorte weltweit Standortwahl Belgien Bulgarien China Dänemark Deutschland England Estland Finnland Indien Irland Italien Lettland Litauen Malaysia Mexiko Niederlande Norwegen Österreich Polen Rumänien Russland Schweden Skandinavien Slowakei Slowenien Tschechien Türkei Ungarn Suche Navigation Unternehmen Peter-Lacke Unternehmensgruppe PR Bereich Karriere Kontakt Lack-Kompetenz Automotive Exterieur Automotive Interieur Automotive Special Hausgeräte / Elektronik Glas Kunststoff allgemein Windkraft Holz & Möbel Händlerprogramm PEHAPOL Vertrieb & Service Zentrale Tochtergesellschaften Ländervertretungen Handelspartner international Handelspartner national Angaben zum Unternehmen gemäß Telemediengesetz Redaktion & Inhalte PETER-LACKE GmbH Herforder Straße 80 D-32120 Hiddenhausen Telefon: (0 52 21) 96 25 - 0 Telefax: (0 52 21) 96 25 - 99 E-Mail: info@peter-lacke.com Geschäftsführer: Andreas Peter USt.-Ident-Nr.: DE 125352007 Amtsgericht Bad Oeynhausen HRB 682 Haftungshinweis Trotz sorgfältiger inhaltlicher Kontrolle übernehmen wir keine Haftung für die Inhalte externer Links. Für den Inhalt der verlinkten Seiten sind ausschließlich deren Betreiber verantwortlich. Datenschutz Sofern innerhalb des Internetangebotes die Möglichkeit zur Eingabe persönlicher oder geschäftlicher Daten (Emailadressen, Namen, Anschriften) besteht, so erfolgt die Preisgabe dieser Daten seitens des Nutzers auf ausdrücklich freiwilliger Basis. Die Inanspruchnahme und Bezahlung aller angebotenen Dienste ist - soweit technisch möglich und zumutbar - auch ohne Angabe solcher Daten bzw. unter Angabe anonymisierter Daten oder eines Pseudonyms gestattet. Statistische Auswertungen mit PIWIK Auf diesen Webseiten wird die Open-Source-Software PIWIK zur statistischen Auswertung der Nutzung eingesetzt. Die durch PIWIK gesammelten Daten (u.a. gekürzte IP Adresse, Uhrzeit, abgerufene Seite, benutzter Browser, Suchmaschine, Plugins) werden in einer Datenbank gespeichert. Hierbei sind die mit PIWIK erzeugten Auswertungen vollständig anonymisiert und lassen sich nicht zur Identifikation einzelner Personen nutzen. Eine Verknüpfung der durch PIWIK gespeicherten Daten mit anderen Datenquellen oder eine Weitergabe an Dritte findet nicht statt. Bildnachweis: Corbis WV 9.09/PET/08/08 © Andrew Brookes/AAES001043 © LWA-Dann Tardif/SC-019-0291 Windenergie © Cmon rotor © Thomas Weitzel Windräder © Christian-P. Worring Derzeit befindet sich der Kundenbereich noch im Aufbau. Bei Interesse sprechen Sie uns bitte an. Kunden-Service Servicebereich für registrierte Kunden und Handelspartner mit persönlichen Informationen. Anmeldung Video - Peter Lacke Das Lieferprogramm von PETER-LACKE mal ganz anders! ""Ein Tag im Leben mit PETER-LACKE"". Video anzeigen Seite druckenSeite weiterempfehlen © 2011 PETER-LACKE",Andreas Peter USt,,national Angaben zum Unternehmen gemäß Telemediengesetz Redaktion & Inhalte PETER-LACKE GmbH,,,682 Haftungshinweis Trotz sorgf,,0.75,
c956bd4e-2b8a-4c48-8780-c187587f46b3,2,PETER-LACKE HOLDING GMBH,pre_pre_event,2011-07-01,2011-07-09,http://www.peter-lacke.de/deu,https://web.archive.org/web/20110709094353.0id_/http://www.peter-lacke.de/deu,PETER-LACKE   Farbe & mehr,"PETER-LACKE Farbe & mehr Direkt zum Hauptmenü, zum Inhalt. Servicemenü Select language Deutsch English Español Polski Русский 中文 PR Bereich | Karriere | Kontakt | Impressum Standorte weltweit Standortwahl China Dänemark Russland Bulgarien Ungarn Indien Türkei Mexiko Österreich Deutschland Italien Lettland Norwegen Tschechien Skandinavien Slowakei Slowenien Belgien Polen Irland Estland Schweden Litauen Rumänien Finnland England Niederlande Malaysia Suche Navigation Unternehmen Peter-Lacke Unternehmensgruppe PR Bereich Karriere Kontakt Lack-Kompetenz Automotive Exterieur Automotive Interieur Automotive Special Hausgeräte / Elektronik Glas Kunststoff allgemein Windkraft Holz & Möbel Händlerprogramm PEHAPOL Vertrieb & Service Zentrale Tochtergesellschaften Ländervertretungen Handelspartner international Handelspartner national Innovative und praxisgerechte Lösungen mit Lack - Kompetenz Automotive Exterieur Interieur Special mehr Hausgeräte/Elektronik Haushaltsgeräte Verbrauchsgüter Sonderteile mehr Flachglas Hohlglas Dekoration Innenbereich Außenbereich mehr PETER-LACKE Beschichtungssysteme sind für alle Herstellverfahren von Rotorblättern einsetzbar. Derzeit befindet sich der Kundenbereich noch im Aufbau. Bei Interesse sprechen Sie uns bitte an. Kunden-Service Servicebereich für registrierte Kunden und Handelspartner mit persönlichen Informationen. Anmeldung Aktuelles Insight asis pacific - ''Um weltweit erfolgreich zu sein, müssen wir in China sein!'' JOT International Surface Technology - Robust, high-gloss interior finish Vitrinen voller Wirtschaft - Neue Westfälische - Kreishausfoyer neu gestaltet Farbe und Lack - Peter-Lacke China offiziell eröffnet Seit 2009 ist China mit mehr als 8 Millionen verkauften Fahrzeugen der größte Automarkt der Welt. Eine Entwicklung, von der zumBeispiel auch das Unternehmen Peter-Lacke profitiert, ... Newsletter Mit unserem Newsletter bleiben Sie immer auf dem Laufenden. Newsletter abonnieren Seite druckenSeite weiterempfehlen © 2011 PETER-LACKE",,,,,,,,0.0,raw_text_retained_only
c956bd4e-2b8a-4c48-8780-c187587f46b3,2,PETER-LACKE HOLDING GMBH,pre_pre_event,2011-07-01,2011-07-09,http://www.peter-lacke.de/pol,https://web.archive.org/web/20110709094353.0id_/http://www.peter-lacke.de/pol,PETER-LACKE   Farby & więcej,"PETER-LACKE Farby & więcej Direkt zum Hauptmenü, zum Inhalt. Servicemenü Select language Deutsch English Español Polski Русский 中文 Dział PR | Kariera | Kontakt | Impressum Oddziały na całym świecie Wybierz oddział Chiny Dania Rosja Bułgaria Węgry Indie Turcja Meksyk Austria Niemcy Włochy Łotwa Norwegia Czechy Skandynawia Słowacja Słowenia Belgia Polska Irlandia Estonia Szwecja Litwa Rumunia Finlandia Anglia Holandia Malezja Suche Navigation Firma Peter-Lacke Grupa Peter-Lacke Dział PR Kariera Kontakt Know-how Auto Exterieur Auto Interieur Auto Special Sprzęt AGD / elektronika Szkło Tworzywo sztuczne Drewno & meble Program handlowy PEHAPOL Sprzedaż i serwis Centrala Spółki córki Przedstawiciele krajowi Partnerzy handlowi Innowacyjne, praktyczne i profesjonalne rozwiązania w dziedzinie lakieru Auto Exterieur Interieur Special więcej Sprzęty AGD Artykuły codziennego użytku Elementy specjalne Sprzęty AGD Artykuły codziennego użytku Elementy specjalne więcej Szkło płaskie Szkło kształtowe Dekoracje Zastosowania dla wnętrz Zastosowania zewnętrzne więcej PETER-LACKE coating systems are applicable with all manufacturing techniques of rotor blades. Dział dla klientów jest jeszcze w budowie. W razie pytań prosimy o kontakt. Serwis klienta Dział serwisu z indywidualnymi informacjami dla zerejestrowanych klientów oraz partnerów handlowych. Logowanie Drukuj stronęPoleć stronę © 2011 PETER-LACKE",,,,,,,,0.0,raw_text_retained_only
c956bd4e-2b8a-4c48-8780-c187587f46b3,2,PETER-LACKE HOLDING GMBH,pre_pre_event,2011-07-01,2011-07-09,http://www.peter-lacke.de/deu/peter-lacke/peter-lacke.html,https://web.archive.org/web/20110709094353.0id_/http://www.peter-lacke.de/deu/peter-lacke/peter-lacke.html,PETER-LACKE   Farbe & mehr,Innovative und praxisgerechte Lösungen mit Lack - Kompetenz Automotive Exterieur Interieur Special mehr Hausgeräte/Elektronik Haushaltsgeräte Verbrauchsgüter Sonderteile Glas Flachglas Hohlglas Dekoration Kunststoff allgemein Innenbereich Außenbereich PETER-LACKE Beschichtungssysteme sind für alle Herstellverfahren von Rotorblättern einsetzbar.,,,,,,,,0.0,raw_text_retained_only
c956bd4e-2b8a-4c48-8780-c187587f46b3,2,PETER-LACKE HOLDING GMBH,pre_pre_event,2011-07-01,2011-07-09,http://www.peter-lacke.de/deu/peter-lacke/lack-kompetenz/glas/glas.html,https://web.archive.org/web/20110709094353.0id_/http://www.peter-lacke.de/deu/peter-lacke/lack-kompetenz/glas/glas.html,"Glas - 
		PETER-LACKE   Farbe & mehr","Lack-Kompetenz - Glas Faszination Glas Möbeldesign, Tischdekoration, Wohnaccessoires, Flakons, Getränkeverpackung. Glas transportiert Image, spiegelt den Wert seines Inhaltes wider, oder unterstützt den persönlichen Stil im privaten Umfeld. Grenzen durchbrechen Die zunehmende Bedeutung von Glas und Design für den kommerziellen Markt gelang erst mit der Entwicklung geeigneter Lacksysteme. Und diese Entwicklung schreitet rasant vorwärts. Denn klassisch eingefärbtes oder sandgestrahltes Glas kann häufig optisch nicht überzeugen oder den Qualitätsansprüchen nicht genügen. Auch der Vielfalt sind Grenzen gesetzt. Glas mit Zukunft Unsere Lack-Kompetenz kann man hier besonders eindrucksvoll erleben. Das PETER-LACKE Sortiment basiert auf Nanotechnologie und zeigt Spezialeffekte mit besonders hohen Resistenzen gegen Chemikalien und mechanische Belastungen. Unsere Lacke sind umweltfreundlich formuliert und überzeugen durch transparente Brillanz. Wir begleiten Sie von der Idee bis zur Produktionsreife – und sind für Sie weltweit vor Ort Basics – Kompetenzfelder Flachglas, Dekorglas und Hohlglas. Wasserbasierende Lacke mit FDA-Zulassung. Globale Kompetenz mit Einhaltung länderspezifischer Bestimmungen. Märkte – Möbel, Kosmetik, Getränke, Accessoires, Geschirr Flachglas - sichtbar homogen Unser Sortiment umfasst deckende und lasierende Lacke. Die Weiterverarbeitung wie Schneiden, Schleifen oder Bohren ist möglich. Die extrem hohe Kratzunempfindlichkeit ist bei unseren wasserbeständigen und chemisch resistenten Lacken gegeben. Verfahren - Spritz-, Gieß- und Walzverfahren Trocknung - UV-, konventionell und IR-Trocknung Farben - Ihre Anforderungen werden von uns erfüllt Hohlglas - stille Verkäufer Design und Farbgestaltung von Glasverpackungen sind wichtige Faktoren für den Absatz Ihrer Produkte. Besonders dann, wenn ohne persönliche Beratung die Wertigkeit des Inhaltes zum Ausdruck gebracht werden muss und damit zum Kauf angeregt werden soll. Kosmetik Neben der Marke entscheidet vielfach das Design des Flakons über den Markterfolg. Effektlacke unterstreichen punktgenau die Positionierung Ihres Produktes und stellen die Distanz zu Ihren Marktbegleitern her. Höchste Alkohol- und Chemikalienbeständigkeit werden von uns genauso garantiert, wie die Umsetzung von Mehrfarbigkeit und Farbverläufen. Getränkeflaschen Was ist authentischer? Die Flasche Wodka in Klarglas oder in Eisoptik, die den Eindruck von gefrorenem Tau vermittelt? Diese und andere Botschaften transportieren Sie mit unseren Lacksystemen. Unsere Lacke sind natürlich beständig gegen das jeweilige Füllgut und temperaturfest vom Eiskühlfach bis zum aufgeheizten Kofferraum. Welche Kaufanreize soll Ihr Schaumwein haben? Welche Oberfläche passt zu Ihrem Wodka? Wir zeigen Möglichkeiten auf! Metalleffekte, 3-D-Optik, Soft-Touch, Weiterveredelung möglich Dekorglas - der persönliche Stil Form, Größe und Art des Dekorationsartikels sind wichtige Punkte bei der Kaufentscheidung. Wenn dieses Produkt aber nicht in der Wunschfarbe erhältlich ist, wird die Ware schnell zum Ladenhüter. Trends werden über Farbe gesetzt. Mit unseren Lacksystemen sind Sie flexibel und bereichern Ihr Angebot mit einem breiten Farbspektrum. spülmaschinenfest, FDA-Zulassung, breites Farbspektrum, matt bis hochglänzend Informationen zum Herunterladen Mehr Informationen zum Download PDF - 608,87 Kb Download",,,,,,,,0.0,raw_text_retained_only
c956bd4e-2b8a-4c48-8780-c187587f46b3,2,PETER-LACKE HOLDING GMBH,pre_pre_event,2011-07-01,2011-07-09,http://www.peter-lacke.de/deu/peter-lacke/lack-kompetenz/lack-kompetenz.html,https://web.archive.org/web/20110709094353.0id_/http://www.peter-lacke.de/deu/peter-lacke/lack-kompetenz/lack-kompetenz.html,"Automotive Exterieur - 
		PETER-LACKE   Farbe & mehr","Lack-Kompetenz - Automotive Exterieur So vielfältig wie Exterieur-Kunststoffelemente nach gezielten Anwendungen entwickelt werden, so vielseitig sind auch die Anforderungen an die Lacksysteme. Das Lichtspiel der Form, Kratzfestigkeit, Elastizität, Resistenzen gegen Temperatur und Umwelteinflüssen. Ihr Vorhaben interessiert uns - für Ihre spezifische Aufgabenstellung das beste Ergebnis zu erzielen unterscheidet uns von anderen. Das beweisen wir täglich. Basics - ökonomischer Einschichtlack bis zu dreischichtigen Komplettsystemen in Lösemittelqualität oder auf Wasserbasis Radblenden - mehr als Zierde Dynamik, Eleganz und Wertigkeit. Zierblenden lassen mit der richtigen Beschichtung viel Spielraum für die Betonung eines Modells. Radzierblenden Lösemittel, Wasserbasis, einschichtiger Aufbau Kontrast - polarisieren mit Schwarz Schwarz hat eine markante Wirkung. Erst der Glanzgrad, die Farbtiefe und die gleichmäßige Deckschicht bringen die kräftigen Merkmale im Gesamtbild hervor. Kunststoff wird als Qualitätsprodukt wahrgenommen und Formteile aus Großserien wirken individualisiert. Kühlergitter, Dachreling, Stoßstangen einschichtiger Aufbau, schnelle Verarbeitung, wetterbeständig Effektlack - gezielt Akzente setzen Metallischer Schliff, Chromglanz, eloxiertes Aluminium. Der dezente Einsatz von edlen Metallen und Nichteisenmetallen assoziiert Qualität, Dynamik und Fortschritt. Effektlacke setzen genau diese Impulse, ohne die kostspieligen Metallwerkstoffe einsetzen zu müssen. Kühlergitter, Zierleisten, Dachreling, Spiegelschalen Metallic, Galvano, Chrom, Pearl Motorraum - innere Charakterstärke Gewicht sparende Kunststoffelemente bekommen durch unsere Lacke das Finish in Metalloptik und typischer Gussstruktur. temperaturbeständig, chemisch beständig Effektlacke, Strukturlacke, ein- und mehrschichtig",,,,,,,,0.0,raw_text_retained_only
c956bd4e-2b8a-4c48-8780-c187587f46b3,2,PETER-LACKE HOLDING GMBH,pre_pre_event,2011-07-01,2011-07-09,http://www.peter-lacke.de/deu/peter-lacke/lack-kompetenz/windkraft/windkraft.html,https://web.archive.org/web/20110709094353.0id_/http://www.peter-lacke.de/deu/peter-lacke/lack-kompetenz/windkraft/windkraft.html,"Windkraft - 
		PETER-LACKE   Farbe & mehr","Lack-Kompetenz - Windkraft PETER-LACKE Beschichtungssysteme sind für alle Herstellverfahren von Rotorblättern einsetzbar. Ob Nasslaminierung, Prepreg- oder Infusionsverfahren, alle Systeme werden in Zusammenarbeit mit den Anwendern auf die Prozesse und Produktionsbedingungen individuell angepasst. Classic Einfache Verarbeitung und geringe Investitionskosten. Der Standard-Aufbau mit Niveau. Einfache Anwendung bei gleichzeitig sehr geringen Investitionskosten. Die Mindestanforderungen an eine Schutzbeschichtung sind erfüllt. Trockenschichtdicke Fläche: 100 – 150µm Trockenschichtdicke Anströmkante: 625 – 750µm Eigenschaften: Kurze Prozesszeiten dadurch wenig Arbeitsschritte Leicht in den Produktionsprozess integrierbar Preiswertes System: Geringe Investitionskosten und Materialverbräuche Advanced Hochwertiger Verschleissschutz bei kurzen Zykluszeiten. Frei von Lösemitteln. Kurze Zykluszeiten durch nachträgliche Applikation der hochbeständigen, lösemittelfreien Schutzbeschichtung. Das System erfüllt die Ansprüche an einen höherwertigen Verschleissschutz deutlich und durch die einfache Anwendung lässt es sich schnell in den Produktionsprozess integrieren. Trockenschichtdicke Fläche: 0400 – 0450µm Trockenschichtdicke Anströmkante: 1050 – 1100µm Sehr hohe Abriebbeständigkeit Glatte Oberfläche, geringere Energieverluste Langlebig durch hervorragende UV-Beständigkeit Rationeller Prozess durch kurze Formbelegungszeiten High-End Der optimale Schutz mit perfekter Glätte für den besonders wirtschaftlichen Einsatz. Dieses Beschichtungssystem bietet den perfekten Verschleißschutz. Die hohe Oberflächengüte reduziert den Materialverbrauch im Finish-Bereich. Sehr glatte Rotorblattoberflächen reduzieren den Energieverlust. Trockenschichtdicke: Fläche (transparent): 0450 – 0650µm Anströmkante (transparent): 0975 – 1250µm Fläche (pigmentiert): 0600 – 1150µm Anströmkante (pigmentiert): 1125 – 1750µm Sicherer Prozess durch Sichtbarkeit von Laminierfehlern beim transp. Gelcoat Optimierter UV-Schutz beim pigmentierten Gelcoat Sehr glatt verspannend, geringste Porenbildung, reduzierter Schleifaufwand Beste Anbindung der Schutzbeschichtung zum Laminat",,,,,,,,0.0,raw_text_retained_only
c956bd4e-2b8a-4c48-8780-c187587f46b3,2,PETER-LACKE HOLDING GMBH,pre_pre_event,2011-07-01,2011-07-09,http://www.peter-lacke.de/deu/peter-lacke/vertrieb-und-service/zentrale/zentrale.html,https://web.archive.org/web/20110709094353.0id_/http://www.peter-lacke.de/deu/peter-lacke/vertrieb-und-service/zentrale/zentrale.html,"Zentrale - 
		PETER-LACKE   Farbe & mehr","Peter-Lacke international Zentrale Tochtergesellschaften Ländervertretungen Handelspartner Land wählen Belgien Bulgarien China Dänemark Deutschland England Estland Finnland Indien Irland Italien Lettland Litauen Malaysia Mexiko Niederlande Norwegen Österreich Polen Rumänien Russland Schweden Skandinavien Slowakei Slowenien Tschechien Türkei Ungarn Vertrieb & Service Wir bauen kontinuierlich unser Einsatzgebiet aus, und dies auch im geographischen Sinne. Alle Standorte profitieren davon, Teil eines starken Verbundes zu sein. PETER-LACKE GmbH Herforder Straße 80 D-32120 Hiddenhausen Telefon: (0 52 21) 96 25 - 0 Telefax: (0 52 21) 96 25 - 99 E-Mail: HHC info SJI [-a_t-] FNY peter-lacke.com DUNS: 31-984-6044 Weitere Informationen Vertriebsgebiete",,,Teil eines starken Verbundes zu sein. PETER-LACKE GmbH,,,,,0.25,
c956bd4e-2b8a-4c48-8780-c187587f46b3,2,PETER-LACKE HOLDING GMBH,pre_event,2013-07-01,2013-07-03,http://www.peter-lacke.de/deu/peter-lacke/unternehmen/unternehmen.html,https://web.archive.org/web/20130703032151.0id_/http://www.peter-lacke.de/deu/peter-lacke/unternehmen/unternehmen.html,"Peter-Lacke - 
		PETER-LACKE   Farbe & mehr","Unternehmen - Peter-Lacke Wir sind ein operativ ausgerichtetes Mittelstandsunternehmen mit eigener Entwicklung und Produktion von Lacksystemen. Der Erfolg basiert auf der direkten und fachlichen Kommunikation mit unseren Kunden. Die damit verbundene Reaktionsschnelligkeit erlaubt uns zeitnahe Lösungen zu präsentieren und uns vor dem Wettbewerb zu positionieren. Wir begleiten Ihr Produkt auf dem gesamten Weg von der Idee bis zur Marktreife. Die globale Vernetzung mit eigenen Niederlassungen und Systempartnern gewährleistet gleichbleibende Qualitätsstandards und Versorgungssicherheit. Erst die Aufgabenstellung aus der Praxis macht uns zum Technologieführer an der Basis des Geschehens. Peter-Lacke - weltweit verbunden und praxisorientiert Informationen zum Herunterladen Ratingzertifikat von D&B; Deutschland JPEG - 2,79 Mb Download Ziel & Weg Unsere Schnelligkeit und Treffsicherheit sind verlässliche Faktoren, weil wir den Fokus auf Ihre Zielvorstellung richten. Der Weg dorthin kann unterschiedlich sein – entscheidend ist einzig Ihr Ziel. Wir erreichen diese Alleinstellung, weil wir die Kernaufgaben Beratung, Entwicklung, Labortests und Dokumentation hausintern leisten Mensch & Team Wir arbeiten interdisziplinär zusammen. Vom Fachberater im Außendienst, über die Forschung, Disposition bis hin zur Produktion schaut jeder auch außerhalb seines Tellerrandes. So verringern wir interne Fehler und erhalten unsere Schnelligkeit aufrecht. Fast die Hälfte unseres Teams ist in der Forschung und Entwicklung beschäftigt. Dieser Bereich teilt sich auf in Grundlagenforschung und kundenspezifische Entwicklung. Eine schlagkräftige Kombination! Qualität & Zertifikat Das lückenlose und zertifizierte Qualitätsmanagement leben wir jeden Tag. Besonderen Wert legen wir auf die unmissverständliche Kommunikation mit Ihnen. Deshalb beginnt unser Qualitätsanspruch bei der fachlichen Beratung durch unsere Anwendungstechniker. Tradition & Innovation Wer mit Ausdauer und Beharrlichkeit innovativ und marktnah agiert, wird irgendwann auf eine Tradition zurückblicken dürfen. Für Peter-Lacke gilt das seit über 100 Jahren.",,,Tradition & Innovation Wer mit Ausdauer und Beharrlichkeit innovativ und marktnah ag,,,,,0.25,
c956bd4e-2b8a-4c48-8780-c187587f46b3,2,PETER-LACKE HOLDING GMBH,pre_event,2013-07-01,2013-07-03,http://www.peter-lacke.de/deu/peter-lacke/unternehmen/peter-lacke/peter-lacke.html,https://web.archive.org/web/20130703032151.0id_/http://www.peter-lacke.de/deu/peter-lacke/unternehmen/peter-lacke/peter-lacke.html,"Peter-Lacke - 
		PETER-LACKE   Farbe & mehr","Unternehmen - Peter-Lacke Wir sind ein operativ ausgerichtetes Mittelstandsunternehmen mit eigener Entwicklung und Produktion von Lacksystemen. Der Erfolg basiert auf der direkten und fachlichen Kommunikation mit unseren Kunden. Die damit verbundene Reaktionsschnelligkeit erlaubt uns zeitnahe Lösungen zu präsentieren und uns vor dem Wettbewerb zu positionieren. Wir begleiten Ihr Produkt auf dem gesamten Weg von der Idee bis zur Marktreife. Die globale Vernetzung mit eigenen Niederlassungen und Systempartnern gewährleistet gleichbleibende Qualitätsstandards und Versorgungssicherheit. Erst die Aufgabenstellung aus der Praxis macht uns zum Technologieführer an der Basis des Geschehens. Peter-Lacke - weltweit verbunden und praxisorientiert Informationen zum Herunterladen Ratingzertifikat von D&B; Deutschland JPEG - 2,79 Mb Download Ziel & Weg Unsere Schnelligkeit und Treffsicherheit sind verlässliche Faktoren, weil wir den Fokus auf Ihre Zielvorstellung richten. Der Weg dorthin kann unterschiedlich sein – entscheidend ist einzig Ihr Ziel. Wir erreichen diese Alleinstellung, weil wir die Kernaufgaben Beratung, Entwicklung, Labortests und Dokumentation hausintern leisten Mensch & Team Wir arbeiten interdisziplinär zusammen. Vom Fachberater im Außendienst, über die Forschung, Disposition bis hin zur Produktion schaut jeder auch außerhalb seines Tellerrandes. So verringern wir interne Fehler und erhalten unsere Schnelligkeit aufrecht. Fast die Hälfte unseres Teams ist in der Forschung und Entwicklung beschäftigt. Dieser Bereich teilt sich auf in Grundlagenforschung und kundenspezifische Entwicklung. Eine schlagkräftige Kombination! Qualität & Zertifikat Das lückenlose und zertifizierte Qualitätsmanagement leben wir jeden Tag. Besonderen Wert legen wir auf die unmissverständliche Kommunikation mit Ihnen. Deshalb beginnt unser Qualitätsanspruch bei der fachlichen Beratung durch unsere Anwendungstechniker. Tradition & Innovation Wer mit Ausdauer und Beharrlichkeit innovativ und marktnah agiert, wird irgendwann auf eine Tradition zurückblicken dürfen. Für Peter-Lacke gilt das seit über 100 Jahren.",,,Tradition & Innovation Wer mit Ausdauer und Beharrlichkeit innovativ und marktnah ag,,,,,0.25,
c956bd4e-2b8a-4c48-8780-c187587f46b3,2,PETER-LACKE HOLDING GMBH,pre_event,2013-07-01,2013-07-03,http://www.peter-lacke.de/deu/peter-lacke/unternehmen/unternehmensgruppe/unternehmensgruppe.html,https://web.archive.org/web/20130703032151.0id_/http://www.peter-lacke.de/deu/peter-lacke/unternehmen/unternehmensgruppe/unternehmensgruppe.html,"Unternehmensgruppe - 
		PETER-LACKE   Farbe & mehr","Unternehmen - Unternehmensgruppe Die PETER-LACKE Unternehmensgruppe ist bereits in der 4. Generation inhabergeführt. Die damit verbundenen schnellen Entscheidungsprozesse und die kurzen Wege in der Gesamtorganisation sind für Geschäftsführer Andreas Peter von großer Bedeutung. Farbe bekennen Wir sind uns der Verantwortung gegenüber unseren Partnern, Mitarbeitern und der Gesellschaft bewusst. Gespür für Menschen und Märkte, Sachkenntnis und Wagemut bestimmen unsere Denk- und Handelsweisen. Wir werden die internationale Ausrichtung der Gruppe weiter ausbauen, Standorte sichern und weitere Märkte erschließen. Unternehmensdaten Zentrale in Hiddenhausen, Deutschland Hauptsitz Hiddenhausen, Deutschland Beschäftige 245 Jahresumsatz ca. 40 Mio. EUR Exportquote über 50% Kompetenz und solides Wachstum seit 1906 Firmenchronik 1906 Gründung als Malergeschäft und Möbellackiererei durch Ernst Peter und Sohn Wilhelm 1920 Start der eigenen Produktion als ""Lack- Oelfarben- und Kittfabrik"" 1945 PEHAZELL-NV-Lacke / PEHALUX-Kunstharzlacke 1950 PEHADUR-Einbrennlacke 1960 Umzug nach Hiddenhausen-Schweicheln. PEHAPOL-2K-Lacke. 1978 Andreas Peter wird Geschäftsführer. PEHACRYL-Kunststoff-Lacke. 1980 Lacksysteme für die Automobilindustrie 1990 PEHALUX-UV-Lacke für Holz und Kunststoff, Entwicklungen für Flachglas und Hohlglas 2000 Einsatz von Nanotechnologie bei Wasserlacken 2006 100 Jahre PETER-LACKE Die Geschäftsführer Ernst Peter 1853 - 1929 Wilhelm Peter 1878 - 1948 E. H. Peter Andreas Peter zur Bildergalerie",Andreas Peter von großer Bedeutung,,,,,,,0.25,
c956bd4e-2b8a-4c48-8780-c187587f46b3,2,PETER-LACKE HOLDING GMBH,pre_event,2013-07-01,2013-07-03,http://www.peter-lacke.de/deu/peter-lacke/impressum/impressum.html,https://web.archive.org/web/20130703032151.0id_/http://www.peter-lacke.de/deu/peter-lacke/impressum/impressum.html,"Impressum - 
		PETER-LACKE   Farbe & mehr","Impressum Angaben zum Unternehmen gemäß Telemediengesetz Redaktion & Inhalte PETER-LACKE GmbH Herforder Straße 80 D-32120 Hiddenhausen Telefon: (0 52 21) 96 25 - 0 Telefax: (0 52 21) 96 25 - 99 E-Mail: ITB info XYW [-a_t-] SRV peter-lacke.com Geschäftsführer: Andreas Peter, Frank Zucht USt.-Ident-Nr.: DE 125352007 Amtsgericht Bad Oeynhausen HRB 682 Haftungshinweis Trotz sorgfältiger inhaltlicher Kontrolle übernehmen wir keine Haftung für die Inhalte externer Links. Für den Inhalt der verlinkten Seiten sind ausschließlich deren Betreiber verantwortlich. Datenschutz Sofern innerhalb des Internetangebotes die Möglichkeit zur Eingabe persönlicher oder geschäftlicher Daten (Emailadressen, Namen, Anschriften) besteht, so erfolgt die Preisgabe dieser Daten seitens des Nutzers auf ausdrücklich freiwilliger Basis. Die Inanspruchnahme und Bezahlung aller angebotenen Dienste ist - soweit technisch möglich und zumutbar - auch ohne Angabe solcher Daten bzw. unter Angabe anonymisierter Daten oder eines Pseudonyms gestattet. Statistische Auswertungen mit PIWIK Auf diesen Webseiten wird die Open-Source-Software PIWIK zur statistischen Auswertung der Nutzung eingesetzt. Die durch PIWIK gesammelten Daten (u.a. gekürzte IP Adresse, Uhrzeit, abgerufene Seite, benutzter Browser, Suchmaschine, Plugins) werden in einer Datenbank gespeichert. Hierbei sind die mit PIWIK erzeugten Auswertungen vollständig anonymisiert und lassen sich nicht zur Identifikation einzelner Personen nutzen. Eine Verknüpfung der durch PIWIK gespeicherten Daten mit anderen Datenquellen oder eine Weitergabe an Dritte findet nicht statt. Bildnachweis: Corbis WV 9.09/PET/08/08 © Andrew Brookes/AAES001043 © LWA-Dann Tardif/SC-019-0291 Windenergie © Cmon rotor © Thomas Weitzel Windräder © Christian-P. Worring","Andreas Peter, Frank Zucht USt",,Impressum Angaben zum Unternehmen gemäß Telemediengesetz Redaktion & Inhalte PETER-LACKE GmbH,,,682 Haftungshinweis Trotz sorgf,,0.75,
c956bd4e-2b8a-4c48-8780-c187587f46b3,2,PETER-LACKE HOLDING GMBH,pre_event,2013-07-01,2013-07-03,http://www.peter-lacke.de/deu,https://web.archive.org/web/20130703032151.0id_/http://www.peter-lacke.de/deu,PETER-LACKE   Farbe & mehr,Innovative und praxisgerechte Lösungen mit Lack - Kompetenz Automotive Exterieur Interieur Special mehr Hausgeräte/Elektronik Haushaltsgeräte Verbrauchsgüter Sonderteile Glas Flachglas Hohlglas Dekoration Kunststoff allgemein Innenbereich Außenbereich PETER-LACKE Beschichtungssysteme sind für alle Herstellverfahren von Rotorblättern einsetzbar.,,,,,,,,0.0,raw_text_retained_only
c956bd4e-2b8a-4c48-8780-c187587f46b3,2,PETER-LACKE HOLDING GMBH,pre_event,2013-07-01,2013-07-03,http://www.peter-lacke.de/pol,https://web.archive.org/web/20130703032151.0id_/http://www.peter-lacke.de/pol,PETER-LACKE   Farby & więcej,"Innowacyjne, praktyczne i profesjonalne rozwiązania w dziedzinie lakieru Auto Exterieur Interieur Special więcej Sprzęty AGD Artykuły codziennego użytku Elementy specjalne Sprzęty AGD Artykuły codziennego użytku Elementy specjalne Szkło Szkło płaskie Szkło kształtowe Dekoracje Tworzywo sztuczne Zastosowania dla wnętrz Zastosowania zewnętrzne PETER-LACKE coating systems are applicable with all manufacturing techniques of rotor blades.",,,,,,,,0.0,raw_text_retained_only
c956bd4e-2b8a-4c48-8780-c187587f46b3,2,PETER-LACKE HOLDING GMBH,pre_event,2013-07-01,2013-07-03,http://www.peter-lacke.de/deu/peter-lacke/abgs/abgs.html,https://web.archive.org/web/20130703032151.0id_/http://www.peter-lacke.de/deu/peter-lacke/abgs/abgs.html,"AGB's - 
		PETER-LACKE   Farbe & mehr","Direkt zum Hauptmenü, zum Inhalt. 1. Die Geschäftsbedingungen gelten für alle gegenwärtigen und künftigen Geschäftsbeziehungen. Abweichende, entgegenstehende oder ergänzende Allgemeine Geschäftsbedingungen werden, selbst bei Kenntnis, nicht Vertragsbestandteil, es sei denn, ihrer Geltung wird ausdrücklich zugestimmt. 2. Unsere Angebote sind freibleibend und unverbindlich. Aufträge werden erst verbindlich, wenn wir sie innerhalb einer Frist von 2 Wochen schriftlich bestätigt haben. Für Inhalt und Umfang des Vertrages ist unsere schriftliche Auftragsbestätigung maßgebend. Nebenabreden mit Reisenden, Handelsvertretern und Angestellten sowie Änderungen, Ergänzungen usw. bedürfen unserer schriftlichen Bestätigung. 3. Für Lieferungen bzw. Leistungen, die sich durch Eintritt unvorhergesehener außergewöhnlicher Ereignisse verzögern und die wir trotz der nach den Verhältnissen des Einzelfalls erforderlichen Sorgfalt nicht abwenden konnten (auch wenn sie bei Vorlieferanten eintreten), z. B. Streik, Aussperrung, Betriebsstörung, nachträglich eingetretene Materialbeschaffungsschwierigkeiten, Ausschuß bei einem wichtigen Arbeitsstück, behördliche Anordnung usw., verlängert sich die Lieferfrist um die Dauer der Behinderung zuzüglich einer angemessenen, unseren betrieblichen Erfordernissen gerecht werdenden Anlaufzeit. Wird durch die vorgenannten Ereignisse die Lieferung oder Leistung ohne unser eigenes Verschulden unmöglich, werden wir von der Lieferverpflichtung frei, ohne daß der Kunde Schadensersatz verlangen kann. Im Falle der Nichtabnahme bestellter Waren sind wir berechtigt, auf den Wert der Waren 15 % für bereits entstandenen Aufwand und entgangenen Gewinn zu fordern. Dem Kunden ist der Nachweis gestattet, daß ein Schaden nicht oder in einem wesentlichen niedrigeren Umfang als in Höhe der Pauschale entstanden ist. Unsere Lieferungen dürfen bei fertigungstechnischen Mehr- und Mindermengen (Nuancierungen) bis zu 10 %, maximal 25 kg, bei abfülltechnischen Mehr- und Mindermengen um bis zu 3 % von den Bestellmengen abweichen. Die Abfertigung aller von uns zum Versand kommenden Güter erfolgt auf Rechnung und Gefahr des Kunden, letzteres auch dann, wenn frachtfreie Lieferung vereinbart wurde. Eine Transportversicherung wird nur auf ausdrückliche Anweisung und auf Kosten des Kunden abgeschlossen. Mit der Übergabe der Ware an die mit der Beförderung Beauftragten, spätestens jedoch mit dem Verlassen unseres Werkes, geht die Gefahr des zufälligen Untergangs auf den Kunden über. 4. In unseren Preisen ist die jeweils gesetzliche Mehrwertsteuer nicht eingeschlossen. Sie wird jeweils gesondert in Rechnung gestellt. Bei Inlandslieferungen und Lieferungen in das EU-Ausland ist der Kunde verpflichtet, spätestens 30 Tage nach Zugang der Rechnung zu zahlen. Die Lieferung außerhalb des EU-Gebietes erfolgt gegen Vorkasse, ersatzweise durch LC, wobei jede Seite die jeweiligen Inlandskosten des LC zu tragen hat. Nach Ablauf der Frist kommt der Kunde in Verzug. Ein Skontoabzug in Höhe von 2 % ist nur zulässig bei Zahlungen innerhalb von 10 Tagen nach Zugang der Rechnung. Die Geltendmachung weiterer Schadenersatzansprüche bleibt vorbehalten. Bei Sonderanfertigungen von kleinen Mengen wird ein Preiszuschlag nach besonderer Berechnung erhoben. Bei Kleinaufträgen werden gesonderte Kleinrechnungszuschläge berechnet. Erfolgt die Warenlieferung bzw. Dienstleistungserbringung später als 4 Monate nach Vertragsabschluß und erhöhen sich danach die Lohn- und Materialkosten oder die Preise unserer Lieferanten, so sind wir berechtigt, den Vertragspreis entsprechend zu erhöhen. Wenn frachtfreie Lieferung vereinbart ist, gilt dies nur für Inlandslieferungen und Lieferungen in Beneluxstaaten sowie Elsaß-Lothringen von mindestens 200 kg/l, bei Lieferungen in das sonstige EU-Ausland 2 t/l sowie in EU-Eintrittsgebiete 5 t/l, bei Lieferungen in GUS-Staaten 10 t/l sowie für Lieferungen außerhalb Europas 2 t/l fob deutscher Seehafen oder Flughafen. Erfolgt bei Anspruch des Käufers auf frachtfreie Lieferung der Versand unfrei, so wird in allen Fällen nur die Stückgutfracht ohne Flächenfracht und Rollgeld für Empfang vergütet. Mehrkosten für Expreßfracht oder sonstige Zuschläge gehen zu Lasten des Empfängers, Lieferungen an Adressen außerhalb der Bundesrepublik Deutschland erfolgen frei Deutsche Grenze, unverzollt und ohne Nebenkosten. Gegen unsere Ansprüche kann der Kunde aufrechnen oder ein Zurückbehaltungsrecht geltend machen, wenn seine Gegenansprüche unbestritten oder rechtskräftig festgestellt worden sind. Dieses gilt für das Zurückbehaltungsrecht nicht, soweit die Gegenansprüche des Kunden auf einer mangelhaften Leistung beruhen. 5. Die Rechte des Kunden aus Sachmängeln werden auf die Nacherfüllung beschränkt. Die Nacherfüllung erfolgt nach unserer Wahl durch Beseitigung des Mangels oder Lieferung einer mangelfreien Sache. Schlägt die Nacherfüllung fehl, ist der Kunde berechtigt, nach Ablauf einer zu setzenden Nachfrist von 10 Werktagen vom Vertrag zurückzutreten, den Kaufpreis zu mindern, oder – im Falle unseres Verschuldens – Schadensersatz zu verlangen. Eine verschuldensunabhängige Haftung kommt nur in Betracht bei ausdrücklicher schriftlicher Übernahme einer Garantie (§ 276 BGB) oder Beschaffenheitsgarantie (§ 443 BGB). Soweit der Kunde Sachmängelansprüche gegen uns aufgrund von öffentlichen Äußerungen von uns oder unseren Gehilfen, insbesondere in der Werbung oder bei der Kennzeichnung über bestimmte Eigenschaften, geltend macht, trägt der Kunde die Beweislast dafür, daß die Äußerung kausal für die Beauftragung war. Für Äußerungen in Werbeaussagen Dritter wird nicht gehaftet. Die Muster kennzeichnen lediglich die Beschaffenheit des Vertragsgegenstandes und stellen keine Garantie (§ 276 BGB) oder Beschaffenheitsgarantie (§ 443 BGB) dar. Anwendungstechnische Empfehlungen in Wort und Schrift aufgrund vorliegender Erfahrung und des derzeitigen Kenntnisstandes stellen keine zwischen den Parteien vereinbarte oder vorausgesetzte Beschaffenheit dar und entbinden den Käufer nicht davon, die Produkte auf ihre Eignung für den vorgesehenen Verwendungszweck und Verarbeitungsverfahren eigenverantwortlich zu überprüfen. Das Einstehen für Sachmängel ist in jedem Fall ausgeschlossen, wenn Verdünnungen, Härter, Zusatzlacke oder sonstige Komponenten beigemischt werden, die nicht von der Lieferfirma oder uns bezogen und von ihr bzw. uns für diese Vermischung empfohlen wurden. Im Rahmen der Untersuchungs- und Rügepflicht gem. § 377 HGB wird der Kunde eine Probeverarbeitung vornehmen. Mängelansprüche des Kunden verjähren innerhalb eines Jahres seit der Ablieferung der Sache. Die Verjährungsfrist für Mängelansprüche gilt nicht für Schadenersatzansprüche, für die Haftung gem. § 7 der Allgemeinen Geschäftsbedingungen nicht ausgeschlossen ist. Für das Recht des Kunden auf Rücktritt gilt sie nicht, soweit der Mangel von uns zu vertreten ist. Wenn der Kunde die verkaufte, neu hergestellte Sache als Folge ihrer Mangelhaftigkeit von einem Verbraucher oder Unternehmer zurücknehmen mußte oder der Abnehmer des Kunden den Kaufpreis gemindert hat, gelten die gesetzlichen Rechte des Kunden bei Mängeln ohne die in dieser Bestimmung genannten Einschränkungen der Gewährleistungsrechte mit Ausnahme der Schadenersatzansprüche (§ 478 BGB). 6. Die gelieferte Ware bleibt bis zur vollständigen Zahlung des Kaufpreises samt allen Nebenforderungen und aller aus der Geschäftsverbindung bereits bestehenden Forderungen sowie aller künftigen aus der Geschäftsverbindung hervorgehenden Forderungen unser Eigentum. Der Kunde darf unsere Ware weder verpfänden noch sicherungsübereignen. Er darf sie jedoch im gewöhnlichen Geschäftsverkehr weiterverkaufen oder verarbeiten, es sei denn, er hätte den Anspruch gegen seinen Vertragspartner bereits im voraus einem Dritten wirksam abgetreten oder ein Abtretungsverbot vereinbart. Eine Verarbeitung unserer Ware zu einer beweglichen Sache erfolgt in unserem Auftrag und mit Wirkung für uns. Bei Verarbeitung mit anderen, uns nicht gehörenden Waren, erwerben wir Miteigentum an der neuen Sache nach dem Verhältnis des Wertes (Lieferpreis einschließlich Mehrwertsteuer ohne Skontoabzug) der von uns gelieferten Ware und der anderen Ware zum Zeitpunkt der Verarbeitung. Für den Fall, daß der Käufer durch Verarbeitung, Verbindung, Vermengung oder Vermischung an der neuen Sache Allein- oder Miteigentum erwirbt, überträgt er uns zur Sicherung der Erfüllung aller unserer Forderungen schon jetzt das Alleineigentum bzw. das Miteigentum im Verhältnis des Wertes der von uns gelieferten Ware zu den anderen Waren zur Zeit der Verarbeitung. Der Kunde verpflichtet sich schon jetzt, die neue Sache mit kaufmännischer Sorgfalt unentgeltlich für uns zu verwahren. Der Käufer tritt uns zur Sicherung der Erfüllung unserer Forderung schon jetzt alle auch künftig entstehenden Forderungen aus dem Weiterverkauf mit allen Nebenrechten in Höhe des Wertes unseres Eigentums- bzw. Miteigentumsanteils mit Rang vor dem restlichen Teil seiner Forderungen ab. Für den Fall, daß der Kunde unsere Waren (zusammen mit anderen, uns nicht gehörenden Waren) oder aus unserer Ware hergestellten Sachen verkauft oder unsere Ware mit einer fremden beweglichen Sache verbindet, vermengt oder vermischt und er dafür eine Forderung erwirbt, die auch seine übrigen Leistungen deckt, tritt er uns schon jetzt wegen der gleichen Ansprüche diese Forderung mit allen Nebenrechten in Höhe des Wertes unseres Eigentums- bzw. Miteigentumsanteils mit Rang vor dem restlichen Teil seiner Forderung ab. Gleiches gilt im gleichen Umfange für etwaige Rechte aufgrund der Verarbeitung unserer Ware wegen und in Höhe unserer gesamten offenstehenden Forderungen. Wir nehmen die Abtretungserklärungen des Kunden hiermit an. Im Falle des Verzuges des Kunden hat er uns auf unser Verlangen diese Forderungen einzeln nachzuweisen und Nacherwerbern die erfolgte Abtretung bekannt zu geben, mit der Aufforderung, bis zur Höhe unserer gesamten Ansprüche an uns zu zahlen. Wir sind auch berechtigt, jederzeit die Nacherwerber von der Abtretung zu benachrichtigen und die Forderung gegen diese einzuziehen. Für den Fall, daß der Kunde an uns abgetretene Forderungsteile einzieht, tritt er uns bereits jetzt seine jeweilige Restforderung in Höhe dieser Forderungsteile ab. Der Anspruch auf Herausgabe der eingezogenen Beträge bleibt unberührt; der Kunde darf seine Forderung gegen Nacherwerber weder an Dritte abtreten, noch verpfänden, noch mit Nacherwerbern ein Abtretungsverbot vereinbaren. Bei Zugriffen Dritter auf die Vorbehaltsware, insbesondere Pfändungen oder sonstige Beeinträchtigungen unserer Rechte durch Dritte, wird der Kunde auf unser Eigentum hinweisen und uns unverzüglich benachrichtigen; der Kunde hat uns alle für eine Intervention notwendigen Unterlagen zu übergeben. Übersteigt der Wert der uns zur Sicherheit dienenden und/oder unter Eigentumsvorbehalt gelieferten Gegenstände unsere Gesamtforderung nicht nur vorübergehend um mehr als 20 %, so sind wir auf Verlangen unseres Vertragspartners in diesem Umfange zur Freigabe von Sicherheiten verpflichtet. Maßgebend für die Ermittlung in Höhe der Sicherheit sind die Lieferpreise einschließlich Mehrwertsteuer ohne Skontoabzug. Mit der vollen Bezahlung unserer gesamten Forderungen aus der Geschäftsverbindung geht das Eigentums an der Vorbehaltsware auf den Kunden über. Sogleich erwirbt der Kunde die Forderung, die er zur Sicherung unserer Ansprüche nach Maßgabe der vorstehenden Bestimmungen an uns abgetreten hat. 7. Schadenersatzansprüche gegen uns sind unabhängig vom Rechtsgrund (Unmöglichkeit, Verzug, mangelhafte Leistung, Verletzung von vertraglichen Nebenpflichten, sonstige Pflichten aus dem Schuldverhältnis und unerlaubte Handlung) ausgeschlossen. Dieses gilt nicht: 1. für Schäden aus der Verletzung des Lebens, des Körpers oder der Gesundheit, 2. für sonstige Schäden, wenn a) diese auf einer vorsätzlichen oder grob fahrlässigen Pflichtverletzung durch uns oder einen unserer leitenden Angestellten beruhen, b) eine wesentliche Vertragspflicht (Kardinalspflicht – insbesondere vertragliche Hauptleistungspflicht) verletzt wurde, c) nicht unter b) fallende Pflichten vorsätzlich oder grob fahrlässig durch einfache Erfüllungsgehilfen verletzt wurden. In den Fällen b) und c) ist die Haftung der Höhe nach auf den Ersatz des typisch vorhersehbaren Schaden begrenzt. Soweit die Haftung in den Ziffern 1. und 2. ausgeschlossen bzw. beschränkt wurde, gilt dies auch für die persönliche Haftung der Angestellten, Arbeitnehmer, Mitarbeiter, Vertreter und Erfüllungsgehilfen. Der vorstehende Haftungsausschluß gilt nicht für Ansprüche nach dem Produkthaftungsgesetz. Soweit der Kunde anstelle von Schadenersatz statt der Leistung von uns Ersatz der Aufwendungen verlangt, die er im Vertrauen auf den Erhalt der Leistung gemacht hat (§ 284 BGB), sind diese Aufwendungen der Höhe nach auf solche Aufwendungen begrenzt, die ein vernünftiger Dritter gemacht hätte. Der Kunde ist bei einer nicht in einer mangelhaften Leistung bestehenden Pflichtverletzung durch uns nur bei einem Verschulden durch uns berechtigt, vom Vertrag zurückzutreten. 8. Die Abtretung von Ansprüchen, die dem Kunden aus der Geschäftsverbindung gegen uns zustehen, ist ausgeschlossen, mit Ausnahme von Geldansprüchen im Sinne von § 354 a HGB. Erfüllungsort für alle Lieferungen und Zahlungen ist Herford. Ausschließlicher Gerichtsstand für alle sich aus dem Vertragsverhältnis unmittelbar oder mittelbar ergebenden Streitigkeiten, auch für Wechsel- und Scheckklagen, ist Herford. Für diese Geschäftsbedingungen und die gesamten Rechtsbeziehungen zwischen den Vertragspartnern gilt ausschließlich deutsches Recht unter Ausschluß der Bestimmungen des einheitlichen UN-Kaufrechts. Sollten einzelne Bestimmungen unserer Geschäftsbedingungen oder die Bestimmungen im Rahmen sonstiger Vereinbarungen nichtig oder unwirksam sein oder werden, so wird hiervon die Wirksamkeit einer sonstigen Bestimmung oder Vereinbarung nicht berührt. PETER-LACKE GmbH FB 060-Rechnung-00 08 / 02 Informationen zum Herunterladen | || AGB's - PDF Download | PDF - 25,15 Kb | Download | © 2013 PETER-LACKE",,,wird hiervon die Wirksamkeit einer sonstigen Bestimmung oder Vereinbarung nicht berührt. PETER-LACKE GmbH,,,,,0.25,
c956bd4e-2b8a-4c48-8780-c187587f46b3,2,PETER-LACKE HOLDING GMBH,pre_event,2013-07-01,2013-07-03,http://www.peter-lacke.de/deu/peter-lacke/peter-lacke.html,https://web.archive.org/web/20130703032151.0id_/http://www.peter-lacke.de/deu/peter-lacke/peter-lacke.html,PETER-LACKE   Farbe & mehr,Innovative und praxisgerechte Lösungen mit Lack - Kompetenz Automotive Exterieur Interieur Special mehr Hausgeräte/Elektronik Haushaltsgeräte Verbrauchsgüter Sonderteile Glas Flachglas Hohlglas Dekoration Kunststoff allgemein Innenbereich Außenbereich PETER-LACKE Beschichtungssysteme sind für alle Herstellverfahren von Rotorblättern einsetzbar.,,,,,,,,0.0,raw_text_retained_only
c956bd4e-2b8a-4c48-8780-c187587f46b3,2,PETER-LACKE HOLDING GMBH,pre_event,2013-07-01,2013-07-03,http://www.peter-lacke.de/deu/peter-lacke/lack-kompetenz/glas/glas.html,https://web.archive.org/web/20130703032151.0id_/http://www.peter-lacke.de/deu/peter-lacke/lack-kompetenz/glas/glas.html,"Glas - 
		PETER-LACKE   Farbe & mehr","Lack-Kompetenz - Glas Faszination Glas Möbeldesign, Tischdekoration, Wohnaccessoires, Flakons, Getränkeverpackung. Glas transportiert Image, spiegelt den Wert seines Inhaltes wider, oder unterstützt den persönlichen Stil im privaten Umfeld. Grenzen durchbrechen Die zunehmende Bedeutung von Glas und Design für den kommerziellen Markt gelang erst mit der Entwicklung geeigneter Lacksysteme. Und diese Entwicklung schreitet rasant vorwärts. Denn klassisch eingefärbtes oder sandgestrahltes Glas kann häufig optisch nicht überzeugen oder den Qualitätsansprüchen nicht genügen. Auch der Vielfalt sind Grenzen gesetzt. Glas mit Zukunft Unsere Lack-Kompetenz kann man hier besonders eindrucksvoll erleben. Das PETER-LACKE Sortiment basiert auf Nanotechnologie und zeigt Spezialeffekte mit besonders hohen Resistenzen gegen Chemikalien und mechanische Belastungen. Unsere Lacke sind umweltfreundlich formuliert und überzeugen durch transparente Brillanz. Wir begleiten Sie von der Idee bis zur Produktionsreife – und sind für Sie weltweit vor Ort Basics – Kompetenzfelder Flachglas, Dekorglas und Hohlglas. Wasserbasierende Lacke mit FDA-Zulassung. Globale Kompetenz mit Einhaltung länderspezifischer Bestimmungen. Märkte – Möbel, Kosmetik, Getränke, Accessoires, Geschirr Flachglas - sichtbar homogen Unser Sortiment umfasst deckende und lasierende Lacke. Die Weiterverarbeitung wie Schneiden, Schleifen oder Bohren ist möglich. Die extrem hohe Kratzunempfindlichkeit ist bei unseren wasserbeständigen und chemisch resistenten Lacken gegeben. Verfahren - Spritz-, Gieß- und Walzverfahren Trocknung - UV-, konventionell und IR-Trocknung Farben - Ihre Anforderungen werden von uns erfüllt Hohlglas - stille Verkäufer Design und Farbgestaltung von Glasverpackungen sind wichtige Faktoren für den Absatz Ihrer Produkte. Besonders dann, wenn ohne persönliche Beratung die Wertigkeit des Inhaltes zum Ausdruck gebracht werden muss und damit zum Kauf angeregt werden soll. Kosmetik Neben der Marke entscheidet vielfach das Design des Flakons über den Markterfolg. Effektlacke unterstreichen punktgenau die Positionierung Ihres Produktes und stellen die Distanz zu Ihren Marktbegleitern her. Höchste Alkohol- und Chemikalienbeständigkeit werden von uns genauso garantiert, wie die Umsetzung von Mehrfarbigkeit und Farbverläufen. Getränkeflaschen Was ist authentischer? Die Flasche Wodka in Klarglas oder in Eisoptik, die den Eindruck von gefrorenem Tau vermittelt? Diese und andere Botschaften transportieren Sie mit unseren Lacksystemen. Unsere Lacke sind natürlich beständig gegen das jeweilige Füllgut und temperaturfest vom Eiskühlfach bis zum aufgeheizten Kofferraum. Welche Kaufanreize soll Ihr Schaumwein haben? Welche Oberfläche passt zu Ihrem Wodka? Wir zeigen Möglichkeiten auf! Metalleffekte, 3-D-Optik, Soft-Touch, Weiterveredelung möglich Dekorglas - der persönliche Stil Form, Größe und Art des Dekorationsartikels sind wichtige Punkte bei der Kaufentscheidung. Wenn dieses Produkt aber nicht in der Wunschfarbe erhältlich ist, wird die Ware schnell zum Ladenhüter. Trends werden über Farbe gesetzt. Mit unseren Lacksystemen sind Sie flexibel und bereichern Ihr Angebot mit einem breiten Farbspektrum. spülmaschinenfest, FDA-Zulassung, breites Farbspektrum, matt bis hochglänzend Informationen zum Herunterladen Mehr Informationen zum Download PDF - 608,87 Kb Download",,,,,,,,0.0,raw_text_retained_only
c956bd4e-2b8a-4c48-8780-c187587f46b3,2,PETER-LACKE HOLDING GMBH,pre_event,2013-07-01,2013-07-03,http://www.peter-lacke.de/deu/peter-lacke/lack-kompetenz/lack-kompetenz.html,https://web.archive.org/web/20130703032151.0id_/http://www.peter-lacke.de/deu/peter-lacke/lack-kompetenz/lack-kompetenz.html,"Automotive Exterieur - 
		PETER-LACKE   Farbe & mehr","Lack-Kompetenz - Automotive Exterieur So vielfältig wie Exterieur-Kunststoffelemente nach gezielten Anwendungen entwickelt werden, so vielseitig sind auch die Anforderungen an die Lacksysteme. Das Lichtspiel der Form, Kratzfestigkeit, Elastizität, Resistenzen gegen Temperatur und Umwelteinflüssen. Ihr Vorhaben interessiert uns - für Ihre spezifische Aufgabenstellung das beste Ergebnis zu erzielen unterscheidet uns von anderen. Das beweisen wir täglich. Basics - ökonomischer Einschichtlack bis zu dreischichtigen Komplettsystemen in Lösemittelqualität oder auf Wasserbasis Radblenden - mehr als Zierde Dynamik, Eleganz und Wertigkeit. Zierblenden lassen mit der richtigen Beschichtung viel Spielraum für die Betonung eines Modells. Radzierblenden Lösemittel, Wasserbasis, einschichtiger Aufbau Kontrast - polarisieren mit Schwarz Schwarz hat eine markante Wirkung. Erst der Glanzgrad, die Farbtiefe und die gleichmäßige Deckschicht bringen die kräftigen Merkmale im Gesamtbild hervor. Kunststoff wird als Qualitätsprodukt wahrgenommen und Formteile aus Großserien wirken individualisiert. Kühlergitter, Dachreling, Stoßstangen einschichtiger Aufbau, schnelle Verarbeitung, wetterbeständig Effektlack - gezielt Akzente setzen Metallischer Schliff, Chromglanz, eloxiertes Aluminium. Der dezente Einsatz von edlen Metallen und Nichteisenmetallen assoziiert Qualität, Dynamik und Fortschritt. Effektlacke setzen genau diese Impulse, ohne die kostspieligen Metallwerkstoffe einsetzen zu müssen. Kühlergitter, Zierleisten, Dachreling, Spiegelschalen Metallic, Galvano, Chrom, Pearl Motorraum - innere Charakterstärke Gewicht sparende Kunststoffelemente bekommen durch unsere Lacke das Finish in Metalloptik und typischer Gussstruktur. temperaturbeständig, chemisch beständig Effektlacke, Strukturlacke, ein- und mehrschichtig",,,,,,,,0.0,raw_text_retained_only
c956bd4e-2b8a-4c48-8780-c187587f46b3,2,PETER-LACKE HOLDING GMBH,pre_event,2013-07-01,2013-07-03,http://www.peter-lacke.de/deu/peter-lacke/lack-kompetenz/windkraft/windkraft.html,https://web.archive.org/web/20130703032151.0id_/http://www.peter-lacke.de/deu/peter-lacke/lack-kompetenz/windkraft/windkraft.html,"Windkraft - 
		PETER-LACKE   Farbe & mehr","Lack-Kompetenz - Windkraft PETER-LACKE Beschichtungssysteme sind für alle Herstellverfahren von Rotorblättern einsetzbar. Ob Nasslaminierung, Prepreg- oder Infusionsverfahren, alle Systeme werden in Zusammenarbeit mit den Anwendern auf die Prozesse und Produktionsbedingungen individuell angepasst. Classic Einfache Verarbeitung und geringe Investitionskosten. Der Standard-Aufbau mit Niveau. Einfache Anwendung bei gleichzeitig sehr geringen Investitionskosten. Die Mindestanforderungen an eine Schutzbeschichtung sind erfüllt. Trockenschichtdicke Fläche: 100 – 150µm Trockenschichtdicke Anströmkante: 625 – 750µm Eigenschaften: Kurze Prozesszeiten dadurch wenig Arbeitsschritte Leicht in den Produktionsprozess integrierbar Preiswertes System: Geringe Investitionskosten und Materialverbräuche Advanced Hochwertiger Verschleissschutz bei kurzen Zykluszeiten. Frei von Lösemitteln. Kurze Zykluszeiten durch nachträgliche Applikation der hochbeständigen, lösemittelfreien Schutzbeschichtung. Das System erfüllt die Ansprüche an einen höherwertigen Verschleissschutz deutlich und durch die einfache Anwendung lässt es sich schnell in den Produktionsprozess integrieren. Trockenschichtdicke Fläche: 0400 – 0450µm Trockenschichtdicke Anströmkante: 1050 – 1100µm Sehr hohe Abriebbeständigkeit Glatte Oberfläche, geringere Energieverluste Langlebig durch hervorragende UV-Beständigkeit Rationeller Prozess durch kurze Formbelegungszeiten High-End Der optimale Schutz mit perfekter Glätte für den besonders wirtschaftlichen Einsatz. Dieses Beschichtungssystem bietet den perfekten Verschleißschutz. Die hohe Oberflächengüte reduziert den Materialverbrauch im Finish-Bereich. Sehr glatte Rotorblattoberflächen reduzieren den Energieverlust. Trockenschichtdicke: Fläche (transparent): 0450 – 0650µm Anströmkante (transparent): 0975 – 1250µm Fläche (pigmentiert): 0600 – 1150µm Anströmkante (pigmentiert): 1125 – 1750µm Sicherer Prozess durch Sichtbarkeit von Laminierfehlern beim transp. Gelcoat Optimierter UV-Schutz beim pigmentierten Gelcoat Sehr glatt verspannend, geringste Porenbildung, reduzierter Schleifaufwand Beste Anbindung der Schutzbeschichtung zum Laminat",,,,,,,,0.0,raw_text_retained_only
c956bd4e-2b8a-4c48-8780-c187587f46b3,2,PETER-LACKE HOLDING GMBH,pre_event,2013-07-01,2013-07-03,http://www.peter-lacke.de/deu/peter-lacke/vertrieb-und-service/zentrale/zentrale.html,https://web.archive.org/web/20130703032151.0id_/http://www.peter-lacke.de/deu/peter-lacke/vertrieb-und-service/zentrale/zentrale.html,"Zentrale - 
		PETER-LACKE   Farbe & mehr","PETER-LACKE Farbe & mehr Direkt zum Hauptmenü, zum Inhalt. Servicemenü Select language Deutsch English Español Polski Русский 中文 PR Bereich | Karriere | Kontakt | Impressum Standorte weltweit Standortwahl Belgien Bulgarien China Dänemark Deutschland England Estland Finnland Indien Irland Italien Lettland Litauen Malaysia Mexiko Niederlande Norwegen Österreich Polen Rumänien Russland Schweden Skandinavien Slowakei Slowenien Tschechien Türkei Ungarn Vereinigten Staaten von Amerika Suche Navigation Unternehmen Peter-Lacke Unternehmensgruppe PR Bereich Karriere Kontakt Lack-Kompetenz Automotive Exterieur Automotive Interieur Automotive Special Hausgeräte / Elektronik Glas Kunststoff allgemein Windkraft Holz & Möbel Händlerprogramm PEHAPOL Vertrieb & Service Zentrale Tochtergesellschaften Ländervertretungen Handelspartner international Handelspartner national Peter-Lacke international Handelspartner Land wählen Wir bauen kontinuierlich unser Einsatzgebiet aus, und dies auch im geographischen Sinne. Alle Standorte profitieren davon, Teil eines starken Verbundes zu sein. PETER-LACKE GmbH Herforder Straße 80 D-32120 Hiddenhausen Telefon: (0 52 21) 96 25 - 0 Telefax: (0 52 21) 96 25 - 99 E-Mail: info@peter-lacke.com DUNS: 31-984-6044 Weitere Informationen Vertriebsgebiete Derzeit befindet sich der Kundenbereich noch im Aufbau. Bei Interesse sprechen Sie uns bitte an. Kunden-Service Servicebereich für registrierte Kunden und Handelspartner mit persönlichen Informationen. Anmeldung Newsletter Mit unserem Newsletter bleiben Sie immer auf dem Laufenden. Newsletter abonnieren Zertifikate Mit der Zertifizierung nach ISO/TS 16949 erfüllen wir die Qualitätsanforderungen an einen international tätigen Automobilzulieferer. Darüber hinaus ist diese Bestätigung auch gültig für die Zusammenarbeit mit allen weiteren Branchen. Sony Greenpartner Seite druckenSeite weiterempfehlen © 2013 PETER-LACKE Impressum | AGB's",,,Teil eines starken Verbundes zu sein. PETER-LACKE GmbH,,,,,0.25,
c956bd4e-2b8a-4c48-8780-c187587f46b3,2,PETER-LACKE HOLDING GMBH,pre_event,2013-07-01,2013-07-03,http://www.peter-lacke.de/deu/peter-lacke/vertrieb-und-service/vertrieb-und-service.html,https://web.archive.org/web/20130703032151.0id_/http://www.peter-lacke.de/deu/peter-lacke/vertrieb-und-service/vertrieb-und-service.html,"Zentrale - 
		PETER-LACKE   Farbe & mehr","Peter-Lacke international Zentrale Tochtergesellschaften Ländervertretungen Handelspartner Land wählen Belgien Bulgarien China Dänemark Deutschland England Estland Finnland Indien Irland Italien Lettland Litauen Malaysia Mexiko Niederlande Norwegen Österreich Polen Rumänien Russland Schweden Skandinavien Slowakei Slowenien Tschechien Türkei Ungarn Vereinigten Staaten von Amerika Vertrieb & Service Wir bauen kontinuierlich unser Einsatzgebiet aus, und dies auch im geographischen Sinne. Alle Standorte profitieren davon, Teil eines starken Verbundes zu sein. PETER-LACKE GmbH Herforder Straße 80 D-32120 Hiddenhausen Telefon: (0 52 21) 96 25 - 0 Telefax: (0 52 21) 96 25 - 99 E-Mail: IQU info RIT [-a_t-] ZTO peter-lacke.com DUNS: 31-984-6044 Weitere Informationen Vertriebsgebiete",,,Teil eines starken Verbundes zu sein. PETER-LACKE GmbH,,,,,0.25,
